name,review,rating
버거리 신촌점,양파빼고달라했는데 양파만 넣고 토마토피클빼고 주시네용..넘정신없어 보여서 그냥 넘어갔어요,1
버거리 신촌점,굿,2
버거리 신촌점,수제버거래서 갔는데 수제버거라고 생각하고 가면 실망합니다 심지어 일반 프렌차이즈 버거라 하기에도 좀... 그래도 타이틀이 수제버거이기에 수제의 레시피를 사용하겠지만 빵이 심하게 질척거리고 재료가 밑으로 다 흘러내림. 같이 먹자고 데려간 사람한테 미안했음 매장은 전반적으로 깔끔하고 바닐라쉐이크는 정말 맛있음,2
버거리 신촌점,비싼편인데 양은 많이 적음 ㅠㅠ,3
버거리 신촌점,수제버거라고 하는데 자기만의 강렬한 색깔이 느껴지지 않습니다.,3
버거리 신촌점,괜춘요,3
에이투지 카페,분위기 있고 인테리어도 예쁘고 좌석도 많아요 근데 딸기라떼는 너무 달아요ㅜㅠ,3
에이투지 카페,이뻐요,3
에이투지 카페,한번쯤은 괜찮은데 가격이 비싸영,3
에이투지 카페,딸기라떼에 올려져있는 딸기꽃이 예뻤음,3
에이투지 카페,좀비싼편 브런치맛잇어요,3
에이투지 카페,"모양은 예쁘고 좋으나 딸기라떼는 별로였습니다. 냉동딸기를 사용해서 딸기가 아무 맛이 나지 않고 신맛만 났어요. 케이크는 맛있었고, 인테리어가 좋아서 보통입니다.",3
신촌부추곱창 신촌본점,서비스 잘 주십니다,3
보승회관 서울신촌점,순대국에 순대세네개있었나.. 반은 당면말이 반은 고기섞인 당면말이 서울에서 토종순댓국집 찾기 정말 어렵네요 머릿고기도 별로였어요 수육도 얇고 맛없어요 그리고 매운거 싫어하는데 다대기가 기본 으로 들어있어요 보통은 숟가락으로 퍼내면 되는데 여긴 아니었어요 다대기안넣으실분은 꼭 주문할때 미리얘기하세요 사람많아서그런가 주문받으러오시지도않고.. 외관에 비해 실망 ㅜ,1
보승회관 서울신촌점,알바 언니 불친절,2
보승회관 서울신촌점,"옛날엔 맛있었는데 음,, 그냥 맛이 있지 않아요 집에서 요알못이 유튜브 보고 따라만든 맛느낌? 배고프면 맛있을것 같은데 기분 좋게 먹지는못했어요",2
보승회관 서울신촌점,메뉴가 다른게 나오고 반찬엔 머리카락도 있었어요,2
보승회관 서울신촌점,양은 많았으나 9000원이라는 비싼 가격이 아쉬움. 조금 더 얼큰했으면 좋았을 듯,2
보승회관 서울신촌점,굿,3
보승회관 서울신촌점,굿,3
보승회관 서울신촌점,수육국밥을 시켰는데 고기가 대패삼겹살마냥 얇고.. 메뉴판에 보이는 사진이랑 다르게 양도 적었어요. 게다가 숟가락으로 뜨면 스르르 흩어져 버리는 고기들.. 아쉽네요. 직원분들은 친절하십니다.,3
보승회관 서울신촌점,쏘쏘 하네요,3
보승회관 서울신촌점,그냥..그래요,3
보승회관 서울신촌점,맛있어요.,3
보승회관 서울신촌점,깍두기 맛있어요.,3
보승회관 서울신촌점,양이좀 적지만 괜찮아요,3
보승회관 서울신촌점,그냥 매우 무난,3
보승회관 서울신촌점,무난무난한 맛.ㅎㅎ 쾌적한 환경에서 먹을 수 있다,3
풍국면 현대백화점 신촌점,해물칼국수에 든 바지락이 상하기 직전이라 거의 대부분 못먹었습니다. 다신 가지 않을 예정입니다.,1
풍국면 현대백화점 신촌점,국수가격이 너무 비싸고... 해물칼국수 맛이 떨어집니다. 반이상 남겼어요.,1
풍국면 현대백화점 신촌점,#신촌현백 #건강한맛 #국수드세요,3
풍국면 현대백화점 신촌점,짬뽕칼국수는 맛있고 별표국수는 맛 없습니다. 전체적으로 양이 너무 적어요!,3
카라멘야,기대 많이 하고 갔는데 국물 기름이 너무 많아서 느끼하고 면도 밀가루 맛이 너무 많이 났어요,1
카라멘야,맛은 있었는데 포장용기 챙겨갔다가 거절하셔서 아쉬웠습니다.,3
카라멘야,매운라멘집 라멘의 한국화 느낌? 제 입맛엔 그냥 그랬어요,3
카라멘야,직원 분이 엄청 친절하게 응대하신 점이 좋았어요!,3
카라멘야,맛있어요,3
카라멘야,"위치가 메인도 아닌데 8500 원 라멘은 비쌉니다. 밥을 무료제공해서 밥값을 책정한 가격이라 남자에게 좋은거니 남자손님이 90프로네요. 테이블이 커피숍처럼 너무 낮아서 먹기가 매우 불편하고, 중 국집 단무지가 제공되는게 나쁜 점입니다. 8500 원이라면 다른 피클이나 김치제공이 맞지요. 밥제공을 생각해도 7500원이 적당한 가격,비싸서 별 3개 줍니다.",3
카라멘야,카라멘 5단계는 전혀 맵지가 않았어요! 신라면보다 덜 매웠구요. 마제소바는... 제 입맛에는 조금 안 맞았던 것 같아요ㅜ 멘치까스는 특히 소스가 맛있었는데 사이즈가 너무 작았어요ㅜㅜ,3
카라멘야,맛은 있지만 라멘에서 머리카락나왔어요 주방분들이 머리에 아무것도 안쓰셔서 그런듯,3
카라멘야,마제소바 항상 매장에서 먹다 처음 포장을 해왔는데 맛은 변함없지만 상대적으로 퍽퍽한 느낌이라 좀 아쉬웠어요ㅜㅡㅜ,3
고르드,고평가된 베이커리라고 생각해요 진열된 빵 집을 때부터 너무 딱딱하다는 느낌이 왔는데... 같이 먹은 사람 모두 빵 만든지 오래된 것 같다고 한마디씩 했네요 그리고 직원분... 친절함까진 바라지 않아요 계산할 때 한참 기다리게 하는 거랑 말투는 좀 바꿀 필요가 있을 것 같아요,1
고르드,"여기 마카롱 좋아해서 오랜만에 왔는데, 남직원분 말투도 그렇고 불친절하시네요 ^____^",1
고르드,우연히 지나가다 유명하길래 들어가봤어요. 저는 앙버터나 마카롱보다는 단백한 빵을 좋아하는 편이라 사 봤는데 실망이었어요. 오늘 구운 빵이 맞나싶을 정도로 딱딱해서 뜯어 먹기도 힘들었습니다. 부드러운 식빵류도 2~3일은 지난 빵처럼 뻣뻣해요. 식구들이 빵을 좋아해서 많이 샀는데 요근래 베이커리 중 제일 실패한 곳입니다.,1
고르드,"맛이없어요.빵종류도 다양하지 않고 마카롱 크기때문에 유명한거 같은데 맛은딱히,,,꼬끄가 쫀득하지도 않고 바스러지고 다른빵도 딱히 감명받은거 하나도 없어요 돈아까웠어요,,차라리 파0바게트가 훨씬 나은듯,,,,,유명세에 비해 맛이 없음...",1
고르드,사실 별점 1점 주기도 아깝네요... 마음만은 0점인데 여기엔 0점 선택을 못하니 1점 줍니다. 인터넷에서 검색했을때 고르드가 유명해서 왔습니다. 스콘과 음료를 구매하고 자리에 앉아서 먹으려고 하는 데 스콘이 너무 딱딱해서 당황했습니다. 같이주신 칼로 자르려고 해도 돌처럼 너무 딱딱해서 절대 자를 수가 없었어요. 그래서 카운터로 가져가서 스콘을 데워달라고 부탁을 드렸는데 스콘은 데워줄수가 없다고 해서 일단 다시 스콘을 가지고 자리로 돌아왔는데 도저히 차갑고 딱딱해서 먹을 수 없어서 다시 카운터가서 제가 직접 칼로 스콘을 자르는 모습을 보여드렸더니 그제서야 빵칼로 잘라주더...,1
고르드,케익별로...,2
고르드,커피랑 마카롱은 맛있었는데 초코 에끌레어.. 초코렛는 너무 딱딱하고 에끌레어에서 바로 떨어지고 에끌레어는 다 말라서 종이 씹는거 같았어요. 안에 크림도 별 맛이 안나고 기름진 맛 정도만 나서 저번에 오페라 케익 먹고 믿고 사봤는데.. 에끌레어는 다시는 안먹으려구요.,2
고르드,기대했던것 보단...,2
고르드,마카롱 아이스팩 포장하는데 1500원 지불!! 맛도 그닥 빵은 괜찮은 편,2
고르드,그냥 스벅가라 신촌에 와서 그럴듯한 카페를 찾는도중 고르드를 알게 됐다. 만약 과거로 갈 수 있다면 이곳을 오려했던 나를 때려 말릴것이다. 특히 여기서 스콘을 먹으려는 행위는 제발 집어치워라. XX 맛없다. 그리고 딸기 에클레어 얘는 맛있다. 두번먹어라. 스콘 죽었으면.... 그리고 점원 손이 느린지 겁나 늦게나온다. 더워 뒤지겠는데 ㅡㅡ 계단도 겁나많고 ㅡㅡ 그럼 수고링,2
고르드,"앙버터로 알게 된 곳인데 요즘엔 크림치즈허니링만 먹어요. 직원이 5명 정도 있는데, 기다리는 손님이 한두명이어도 정신이 없고 계산이 너무 느립니다.. 너무너무 느립니다ㅜ 빵 나르고?만들고? 하느라 앞에 손님이 있는데 계산을 안해요.......",2
고르드,꼬끄가 맛없다. 녹차 앙버터 딸기 얼그레이 샀는데 녹차 얼그레이 먹을만 하고 나머지는 쏘쏘 꼬끄가 별로라 필링이 좋아도 완성도가 떨어짐... 아쉽... 내만원....,2
고르드,밀푀유는 절대 드시지 마세요 느끼해요,2
고르드,커피랑 마카롱 맛은 좋은데 직원이 너무 불친절해요 주문한 커피도 제대로 안나오구.. 가격이 착한편도 아닌데 친절도가 참 아쉬웠어요,2
고르드,말차스콘 기대 이하였어요.,2
고르드,기대하고 갔는ㄷ 걍 그렇더라,2
고르드,좋아요,3
고르드,빵은 맛있습니다!,3
고르드,굿,3
고르드,무난무난해요~,3
고르드,앙버터 맛집이라고해서 찾아갔는데 제입맛엔 많이 달아요~ 마카롱은 크기에서 갑~일반4배는 되는거같아요ㅋ 이크기에 이가격이면 가성비 갑,3
고르드,오후에가면 점원이 한명밖에 없어서...(커피만드는것 부터 혼자서 다함..) 항상 기다리네요...,3
고르드,병원갔다가 근처라 마카롱 사봤어요. 저렴하고 맛있네요! 가성비 좋아요. 다만 일하는 남자분 친절하진 않아요. 미묘하게 기분이 나빠요.,3
고르드,굿,3
고르드,좋아요,3
고르드,계산하는 여자알바생 무서워요,3
고르드,케이크 쿠키 다 맛있는데 친절하진 않아요 알바생들 교육 좀 신경썼으면,3
고르드,대왕마카롱 - 요즘 마카롱 치고 엄청엄청 달아요... 적당히 달고 맛있어서 열개는 먹을 수 있다!! 이런 맛이 아니라 겁내 달아서 하나 먹으면 이제 한달동안 안먹어도 된다 이렇게 돼요 쪼금만 덜 달아지면 존맛일듯 ㅠㅜ 갠적으로 앙버터는 앙이 또 달아서 너무 단단이거 황치즈가 맛있었어요,3
고르드,커피는 별루입니다ㅠㅠ,3
고르드,좋아요,3
고르드,좋아요,3
고르드,ᆢ,3
고르드,바게트 맛있어요. 후기대로 알바생들? 직원들은 친절한거 모르겠음,3
고르드,굿,3
고르드,굿.,3
고르드,굿,3
고르드,여기는 그냥 그래요,3
고르드,막있어요,3
고르드,굿,3
고르드,빵은 괜춘. 직원은 불친절,3
고르드,굿,3
도둑고기 신촌점,연탄불 너무쌔다,3
도둑고기 신촌점,막창 맛ㅠ 너무없음ㅠㅠ,3
도둑고기 신촌점,밥이랑 상추는 조금 이상했지만 고기는 부드럽고 맛있었어요ㅎㅎ 장소도 좋았습니다^^,3
도둑고기 신촌점,그냥그래요,3
최완식참치,불친절해요,1
최완식참치,4시30쯤 갔어요 오픈시는 3시30이었는데 좀 어수선...여튼 참치는 두번째퀄로 시켯어요 나프지않았고요~ 크게 좋은 싸이드메뉴는 없었음 장소가 지하다 보니 화장실이 기생충 영화임 참치 맛은 중 소 소 라해도 솔직히 위생부분 많이 떨어지고 모자분이 영업하시는듯 한데 ...물론 그건 나쁜건 아니라봐요 그래도 손님들 입장에 불편한 감이 있습니다,3
최완식참치,분위기랑 쓰케다시는 별로.. 참치는 나쁘진 않음,3
텐동미세기,신촌 한구석 동네 골목식당 느낌인데 괜찮았어요. 튀김 기름기를 조금 더 빼주시면 좋을 것 같습니다. 다 먹기에 약간 느끼했어요.,3
명성양꼬치,1인분에 몇개라고 써있지 않음. 8개... 양이 매우 적음 ㅠㅠ 주인분들 친절하시지만 정말 양이 너무적음 평소에 0.5인분 먹는 여자둘이 5만원어치 시키고 배부름,3
명성양꼬치,쯔란이 맛있어요,3
명성양꼬치,ㅇ,3
라장훠궈,응대를 할 생각이 없는듯,3
라장훠궈,신촌 마라집 중 평타이상. 가격이 착한 편. 위생이 그닥 좋아보이지는 않음,3
마녀주방 신촌점,기대를 해서 그런가 분위기 별로였구 음식이 맛있었으면 좋았을거 같은데 너무 맛이 이상했어요;;;; 크림빠네파스타에서 신맛이 살짝 나고 슬쩍 매운맛이 정말 언밸런스하게 맛없고 넘 맛없어서 체했어 요 ㅡㅡ 닭다리 소스에서도 신맛이 강하게 났구 미이라피자는 심각하게 최악이었어요 미이라모양 감자는 제대로 된 감자가 아니라 감자분으로 만든거라 맛이 엉망이었어요 ㅡㅡ 리뷰에 맛 괜찮다해서 갔는데 대실망이었고 돈이 너무 아까웠어요 맛없단 정도가 아니라 이게 대체 무슨 맛이지 싶을 정도였어요 왜 음식에서 신맛이 미묘하게 나는지 이해불가에요;;;;; 지하라서 그런지 쾌쾌한 냄새는...,1
마녀주방 신촌점,서비스가 진짜....콜벨불러도 오는것도 느리고 알바 성격도 짜증나고...강남점이나 혜화점이 훨씬 서비스좋고 한데 너무 실망하고 가네요,1
마녀주방 신촌점,꼭 전화해보고 가세요 예약했는데도 예약이 안됐다며 책임도 못져주신다네요 황당해서 다른 가게 찾아갔습니다 생고생하고 기분도 안좋네요,1
마녀주방 신촌점,예약하니 대기없이 바로 입장한건 좋았습니다 다만 음식맛이 떨이지고 볼거리도 특별하지않았어요 둘중 하나만 좋았어도 재방문 의사가있지만 이것도 저것도 아니여서 많이 아쉽네요,1
마녀주방 신촌점,13000원이 넘는 파스타에 새우가 3개라... 너무 많은 걸 기대했나요 제가..,1
마녀주방 신촌점,음식이 너무 맛이 없다.. 특히 닭고기 나오는 스테이크? 평소 비위 좋은 편인데도 잡내랑 비린내가 너무 심해서 반 이상 남겼다,1
마녀주방 신촌점,즐기러가는곳이지 맛은 너무해요 왜 크림스파게티에서 신맛도나고 닭스테이크는 냄새나요 맛개선이 필요해요,1
마녀주방 신촌점,"타지에서 와서 어딘지 모르겠어서 전화했는데 제대로 알려주지 않아서 30분동안 헤메다가 딴 곳으로 다시 갔어요,, 담번엔 자세히 알려주세요 !!",1
마녀주방 신촌점,맛이....,1
마녀주방 신촌점,기다리다 안나와서 물었더니 금방나온대서 믿고 더 기다렸더니 주문 누락이라네 안먹고 나옴,1
마녀주방 신촌점,분위기나 맛은 괜찮았는데 직원들이 무뚝뚝했어요.,2
마녀주방 신촌점,분위기는 좋은데 맛이...,2
마녀주방 신촌점,맛있게 잘 먹었습니다 하지만 여직원분들 너무 불친절해요,2
마녀주방 신촌점,맛있어요,3
마녀주방 신촌점,직원분 친절도도 그냥저냥 괜찮구 파스타도 좋았는데 넓적다리구이랑 큐브스테이크에서 이상한 누린내가;;,3
마녀주방 신촌점,분위기 괜찮고 깨끗하고 친절합니다,3
마녀주방 신촌점,다 좋은데 맛이 너무 짜고 달아요,3
마녀주방 신촌점,홍대점 가보고 매우만족해서 방문했는데 저녁7시임에도 안되는메뉴가 많았고 메뉴도 다양하지않고 시킨메뉴도 누락되고 전반적으로 맛도 그냥 그랬습니다. 같은 매장인데 차이가 많이 나네요. 인테리어만 너무신경쓰신느낌. 메뉴체크 더 꼼꼼히하시고 맥주종류도 좀 늘리시면 좋을것같습니다.,3
마녀주방 신촌점,음식은 괜찮았어요 저렴한 가격에 피자가 특히 맛있었네요 직원분들 모두 친절하셨는데 마스크 안 쓰신 분이 계셨어요 본인과 모두를 위해서 마스크 착용하는 것이 좋지 않나 생각됩니다,3
마녀주방 신촌점,분위기는 새롭고 특이하고 직원분들도 친절했어요~~ 근데..스테이크 고기가 약간 냄새나요 ㅠㅠ,3
마녀주방 신촌점,나쁘지 않았습니다! 인테리어도 신기하고 재밌었어요. 하지만 음식 맛이 살짝 아쉬웠습니다.,3
마녀주방 신촌점,음식은 다 맛있었는데 다른 점 마녀주방은 나이프랑 냅킨을 기본으로 주는데 여기는 말씀드려야주시더라구요ㅠㅠㅠㅠ 그거빼고는 다 괜찮았습니다~,3
마녀주방 신촌점,매콤해물파스타 먹었는데 파스타가 매콤하니 내가 딱 좋아하는 맛이었지만 홍합은 아주 조금 비린맛이 났고 스테이크는 굳이 시켜먹을 이유없을 듯 칵테일은 맛있었음,3
마녀주방 신촌점,"맛도 좋고, 분위기도 좋았습니다. 다만, 예약을 하고 갔는데 인원 수대로 테이블 세팅이 안되있어 접시랑 포크 등을 부탁드렸는데 늦게 가져다주신 게 조금 아쉬웠습니다.",3
마녀주방 신촌점,만족합니다! 할로원 분위기 맞아서 분위기도 좋고 나뮤너무 좋앗어요! 다만 화장실이 좀 그랫어융 ㅠㅠ 그라도 만족합니다..,3
마녀주방 신촌점,리코타샐러드가 제일 맛있어요,3
마녀주방 신촌점,양은 많았는데 그래서 양념이 적고 꾸덕해서 좀 느끼했어요 그냥 보통이었어요~,3
마녀주방 신촌점,컨셉이 드러나서 좋았습니다,3
마녀주방 신촌점,테마는 좋은데 음식 자체는 그저 그랬던 거 같아요.,3
마녀주방 신촌점,할로윈데이때 이용했는데.. 재료가 많이 소진된 상태였습니다.,3
마녀주방 신촌점,먹을만햇고 피자는 솔직히 그냥 그랫어요.,3
가문의우동,보통,2
가문의우동,너무 달아요. 김치가 적게 들어가서 김치맛이 조금밖에 안났어요. 양이 많아 남겼어요. 가격을 낮추고 양을 줄이는게 더 나으리라 생각됩니다.,2
가문의우동,너무 짜요. 양이 많아 남겼어요. 가격을 낮추고 양을 줄이시는 게 더 효율적일것이라고 생각해요.,2
가문의우동,맛있어요~~~~~~,3
가문의우동,음식이 아주 맛있어요~,3
가문의우동,김치치즈가츠동이 살짝 싱거웠어요,3
가문의우동,음식 맛있어요~ !!,3
가문의우동,음식 맛있고 사장님 친절해요~,3
가문의우동,사장님 친철하세요~,3
가문의우동,사장님 친절해요,3
가문의우동,음식 맛있어요,3
가문의우동,가문의우동은 고기류 덮밥이 더 맛있네요,3
가문의우동,날치알은 많고 밥도 맛있는데 연어가 냉동이라그런지 제 입맛엔 비렸어요,3
가문의우동,사장님 친절하고 맛있어요,3
가문의우동,사장님 친절하세요,3
가문의우동,"맛있어요. 맛은 있는데, 냉장고 하단부 청소가 아쉽고, 물병이 구조적으로 세척이 불가능해보이는데 위생이 괜찮은지 걱정이에요.",3
가문의우동,"평이한 익숙한 맛입니다. 친구는 돈부리를 먹고 저는 연어 덮밥을 먹었는데요, 또 가게 된다면 저도 연어덮밥 말고 돈부리를 먹고싶어요 :)",3
가문의우동,좀 짠데 맛 괜찮아요,3
가문의우동,모든메뉴 맛있어요!!,3
가문의우동,나베맛있어요 근데 밥이 너무 질겨요..,3
소문난집,별루에요..,1
소문난집,고기질이 퍽퍽해요ㅠ 물론 된장국이랑 계란찜 무료지만 고기파들은 고기가맛있어야되욤,2
소문난집,점심메뉴 육계장 먹었는데 아쉽고 아쉽네요,2
소문난집,굿,3
소문난집,연휴에도 하시는 줄 알고 예약하고 볼일보다가 시간 맞춰서 갔는데 연휴라서 쉬시더라고요 연휴에는 예약이 불가능하도록 처리 해놓으시면 더 좋을 것 같아요~ 예약시간 20분 후에 연락이 오긴 했지만 조금 불편하더라고요ㅎㅎ,3
소문난집,삼겹살이벤트..너무별로에요.. 네덜란드산 주는건데.. 너무질기고 육즙없어요.. 괜히갔다싶었습니다.,3
소문난집,보통요,3
죽해수산,큰맘 먹고 갔어요. 대게정식이 7만5천원과 8만원인데 차이는 잘 모르겠고 저희는 8만원짜리 4인분 시켰어요. 수요미식회에 나왔다고해서 유명해졌는데 호불호가 가리는지 맛과 불친절로 혹평도 많아 서 망설이다가 갔습니다. 건물 사이 틈새가게라 분위기도 별로고 음식도 사실 대게라는 게 특별한 조리법이 있는 게 아니라 그냥 시장에서 사서 쩌달라고 해서 집에서 먹는 게 싸고 좋을 것 같네요. 게도 크기나 살이 좀 충실하지 않고요. 그 가치를 사전에 나오는 참치회와 가리비 등으로 커버하는 것 같은데 글쎄요. 특별히 나쁜 건 아닌데 굳이 가서 먹기엔 특별한 맛이나 분위기가 없고 허전함이 ...,3
엠브로 돈까스,돈까스 맛이 별로예요,1
엠브로 돈까스,자칫 가성비가 좋아보이나 수입산 돼지고기라 그렇게 가성비가 좋다고 보긴 힘들다 그렇다고 맛이 뛰어난가? 아니다 딱히 특색있는 소스도 아니고 돈까스를 썰기만해도 사진처럼 튀김옷이 분리되어 먹기도 번거롭다 재방문 의사 없다 직원 분들은 매우 친절했다,1
엠브로 돈까스,너무나평범한맛...,1
엠브로 돈까스,맛있게 잘 먹었습니다,2
엠브로 돈까스,서비스와 친절도만 보면 별 다섯개 드리고 싶으나 맛과 고기의 신선도는 웨이팅 할 정도는 아닌 것 같아요 기다리는 고객들까지 캔콜라를 주며 신경쓰는 섬세함은 너무 좋은데 음식 맛에 쫌더 신경 썼다 면 정말 좋았을 거예요 전 식후 속이 느글거리고 탈이 나서.. 물론 사람마다 입맛이 다르겠지만요! (참고로 돈까스를 사랑하는 사람입니당),2
엠브로 돈까스,굿,3
엠브로 돈까스,직원분들이 많이 바쁘신건 알겠는데 음식을 너무 험하게 놓고가요. 주문할때 메뉴도 잘 캐치를 못하세요. 이해못했으면 한번더 확인하는게 좋을거같아요.,3
엠브로 돈까스,조아요,3
엠브로 돈까스,처음 오픈하고 시간이 좀 지나서 그런지 가격도 오르고 맛도 기대한 만큼은 아니었어요 그래도 무난하게 한 끼 할 만한 거 같아요,3
엠브로 돈까스,개인적으로별로,3
엠브로 돈까스,맛은 쏘쏘 양념치킨소스냄새 살짝 나고 달달 튀김은 크지만 2프로 부족 가격대비 괜춘 직원들 씩씩하고 친절함,3
엠브로 돈까스,메뉴 종류는 늘었지만 예전보다 맛이 떨어진 느낌,3
엠브로 돈까스,보통ㅋㅋㅋㅋㅋ 직원분은 화난듯요 ㅋㅋㅋ,3
엠브로 돈까스,음식은 맛있는데 날파리가 날아다니네요.,3
엠브로 돈까스,"유튜브에서 보고 방문했는데, 대표메뉴인 엠브로돈까스는 소스가 너무 양념치킨맛이 나서 돈까스를 먹는건지 치킨을 먹는건지 싶었어요. 내부가 너무 추워서 음식도 빨리 식습니다. 고추장불백은 양이 참 많았습니다. 원산지가 국내가 아니고 이 가격에 양을 생각하면 그냥 가성비 좋은 음식인 것 같습니다. 웨이팅까지 하는 이유는 잘 모르겠어요..",3
엠브로 돈까스,치즈 돈까스말고 그냥 돈까스 드세요... 그냥 돈까스 맛있습니다... 우볶이 시키지 마세요... 그냥 떡볶이집 가세요...,3
엠브로 돈까스,그냥 맛있는 돈까스예요.,3
엠브로 돈까스,그냥 그래요,3
엠브로 돈까스,맛은 그럭저럭 먹을만 하다.. 양은엄창 많다,3
엠브로 돈까스,쏘쏘..,3
엠브로 돈까스,그냥 먹을만은 합니당,3
엠브로 돈까스,그냥 쏘쏘하네요. 일식돈까스를 좋아하는데 일식돈까스풍이 아니네요,3
엠브로 돈까스,가성비 괜찮은 곳이에요,3
복성각,후기를 보고 찾아갔는데 전 진짜별로였어요 일반짬뽕보다 가격은 훨씬비싼데 곱창4-5개들어있고 ;; 나머지 다 내장같은 ...? 그날은 재료가부족한건지 원래그런건진 모르겠는데 그 내장..?들은 다버렸어요 그리고 고양이가 식탁밑을 돌아다니고 위에서 쳐다보고 있고 심각함... 위생상 별로 안좋은것같고.. 편하게 밥 먹기가 너무 힘들어서 체할것같았어요ㅠㅠ 이렇게 돈내고 심장뛰면서 불안하게 먹은적은 처음 ...,1
복성각,면을따로줘서 맛이 없어요,1
복성각,탕수육이 좀 딱딱해요. 아쉬워요.,3
복성각,자장면 탕수육 맛있게 먹었어요~!!,3
복성각,"곱창짬뽕, 순두부짬뽕밥, 탕수육 먹었어요. 짬뽕이 깔끔한 느낌은 아니고 걸쭉해요. 생각보다 매콤해요.",3
복성각,굿,3
복성각,짬뽕 무난함. 사람 많을때는 피해가세요~,3
복성각,괜찮아요,3
복성각,...,3
복성각,짜장면이 오천원! 무난한 맛,3
카츠업,혼밥하는 분은 절대 비추.. 1인용 판때기 위에서 식사해야 돼서 폰 놓을 곳도 없습니다 ..다른 자리는 못앉음,1
카츠업,또왔슈,2
카츠업,인사를 제대로 하지 않는다. 돈까스에서 돼지잡내가 난다. 리뉴얼된 메뉴 구성은 전보다 낫다.,2
카츠업,맛있어요,3
카츠업,우동은 별맛이.,3
카츠업,돈가스 너무 맛있어요 튀긴 상태가 정말 훌륭해요 기름이 깨끗해요 그런데 자리 협소함이 너무 심해요 좁아좁아,3
카츠업,9월초엔 별 10개 지금은 3개입니다.,3
카츠업,맛있어요,3
비아 메렝게,장사를 안 하고 싶으신건가하는 생각이 들 정도로 불친절했습니다. 입맛 떨어졌지만 그래도 돈 주고 먹는 음식이라 맛있게 먹으려고 했습니다. 앞으로 갈 일은 없겠지만 손님 응대는 기본만은 하시길.,1
비아 메렝게,맛은 있는데 너무 불친절함,2
비아 메렝게,음식 맛있고 친절하고 다 좋은데 화장실이 심하게 더럽네요 솔로 쓱쓱하면 지워질텐데 변기고 세면대고 물때도 심하고..아쉬워요,3
비아 메렝게,굳,3
비아 메렝게,",",3
비아 메렝게,분위기도 좋고 맛도 있는데 쪼꼼 덜친절,3
비아 메렝게,모든 메뉴가 다 맛있었는데 특히 퀘사디아가 최고였다. 아 과카몰레도 맛있었는데..부리토도..타코도..그래도 퀘사디아가 최고 ! 맛으로만 따지면 4점 주고 싶지만 매장이 덥고 브레이크타임이 나와있는 것과 달라서 3점.,3
밀탑 현대백화점신촌점,직원분 불친절해요 친구한테 선물받은 기프티콘 썼는데 메뉴 금액 같아도 메뉴 변경안된다고 하는건 첨 봤어요.,2
밀탑 현대백화점신촌점,Not bad,2
밀탑 현대백화점신촌점,뭔가 빙수가 서걱서걱 물이 많이 섞인 느낌,3
밀탑 현대백화점신촌점,친절하진 않아요^^ 맛은 있습니다 우유얼음 사르르 녹아요,3
밀탑 현대백화점신촌점,신한레베카 vip 바우처 사용 안친절..,3
밀탑 현대백화점신촌점,비싸요 양은 적음,3
밀탑 현대백화점신촌점,어느덧 밀탑빙수 만 원이네요 ㅠ 가성비 맞는지 잘 모르겠지만 종종 생각나서 가요. 같이 간 친구의 초코음료?는 가루같은게 너무 많아서 텁텁해서 한 두 입만 먹고 나왔어요,3
밀탑 현대백화점신촌점,가성비는 안좋은데 맛은 있는...,3
밀탑 현대백화점신촌점,좋아요,3
밀탑 현대백화점신촌점,그리 친절하지는 않치만 몽블랑빙수는 괜찮았어요 사이즈가 조금 아쉬워요,3
밀탑 현대백화점신촌점,..,3
밀탑 현대백화점신촌점,좋아요,3
밀탑 현대백화점신촌점,팥빙수 말고 팥죽 먹었어요. 많이 달지 않아 좋아요,3
밀탑 현대백화점신촌점,불친절해서 아쉬워요,3
밀탑 현대백화점신촌점,점점 아쉬워지네요,3
밀탑 현대백화점신촌점,너무 오래 기다려요,3
밀탑 현대백화점신촌점,다른 곳은 안 그렇던데 빙수가 너무 빨리 녹아요 ㅠㅠ,3
밀탑 현대백화점신촌점,다른지점와 조금 틀린것 같네요.. 아쉬워요,3
밀탑 현대백화점신촌점,친절해요,3
밀탑 현대백화점신촌점,진하고 맛남,3
밀탑 현대백화점신촌점,점점 변하는 맛이예요 ㅜㅜ 슬프지만요 처라리 설빙이 더 맛있다는 하지만 팥은 여기가 더 훨씬 좋아요 다시 예전 맛으로 돌아가주세요,3
밀탑 현대백화점신촌점,가격대비 커피양이 적어요ㅠㅠ,3
밀탑 현대백화점신촌점,확실히 맛은 있는데... 주문하느라 서있는 데만 15분 이상 허비. (줄서있었던 것 아님) 직원 숙련도가 매우 미흡해서 아쉬웠음.,3
밀탑 현대백화점신촌점,밀탑의 빙수는 역시나 너무 맛있었는데 가격이 올라서 살짝 아쉬움이 남았습니다,3
시그니처랩 현대백화점신촌점,"음식은 맛있었으나, 직원의 응대가 별로임. 메뉴판에 메뉴에 대한 설명이 부족했고 물어보는 질문에도 정확한 대답을 못했으며 알아보겠다고 하고 가놓고 돌아오지 않으셨음.",3
시그니처랩 현대백화점신촌점,딱히...서비스가 나쁜것도 아니고..분위기가 안좋은것도 아니고...양이 적는것도 아니고...맛도 앖는것도 아니지만... 굳이 또 가서 먹고싶진 않네요...,3
시그니처랩 현대백화점신촌점,"찹스테이크 라이스 19,000원. 먹을만햇지만 또 주문하고 싶진 않아요. 고기 질기고, 볶음밥은 고슬거리지를 않아요. 피클 추가 하려고 햇는데 홀에 직원이 아무도 없어서 여러번 찾앗어요. 주방에 서 자기들끼리 얘기나누고 잇다가 나오더라고요. 고기 재료값이 들겟지만 1만9천원이라는 한끼 식사로는 비싼 가격치고 딱히 큰 즐거움을 느낄만한게 없엇네요.",3
부엉이돈가스 신촌점,사장님은 굉장히 친절하시고 좋은데 테이블이 좀 찝찝해요 달라붙고.. 돈까스 소스가 좀 밍밍하달까.. 좀 아쉬웠어요,3
부엉이돈가스 신촌점,보통입니다.,3
구이마을,살다 살다 이런 고기는 처음 고기가 변질된건지 오래된건지 냄새도 나고 맛도 없고 데이트 나가서 괜히 기분만 망치고 들어왔네요,1
구이마을,고기가 안좋은지 냄새 나요.. 무한리필인데 추가 안하고 그냥 나오기는 난생 처음이었어요..,1
구이마을,"기름이 너무 많아서 느끼했고, 너무 혼잡해서 대화나누기에 적절하지 않았습니다..😢😢",2
구이마을,고기는 맛이 있는데... 바쁘다곤 해도 설거지가 너무 안돼있어서 받은 모든 컵... 물컵 소주잔에 고추가루나 덜 씻긴 흔적이 있어서 조금 찝찝했어요;,3
구이마을,56100,3
구이마을,구이마을. 삼겹살. 돼지껍데기 맛 있어요 괜찮아요,3
스테이터 신촌점,그냥 딱 대학가 근처 스테이크 맛이겠죠? 질겨서 먹느라 고생 ㅠㅠ,3
스테이터 신촌점,"감자튀김 안좋아하는데 감자튀김 맛있었음, 파스타와 고기 모두 괜찮았습니다",3
스테이터 신촌점,비주얼은 좋은데 고기가 질이 별로에요. 비계도많고 질겨요. 친절도도 그냥 그러네요,3
고향전주비빔밥 현대백화점신촌점,맛이 별로에요.,1
고향전주비빔밥 현대백화점신촌점,앞에 대기하는 팀이 한팀있었고 그 뒤에 서서 있는데 직원은 저를 몇 번을 쳐다봤으면서도 응대가 참 늦었어요. 꽤 서서 기다리고나서야 몇명 인지 묻더라구요.떡볶이 같은 반찬에서 눈썹같은 털이 나왔 어요. 아주머니는 그걸 굳이 손으로 꺼내서 올리는데 그게 정말 보기 거북했습니다. 이해가 안됩니다. 가까이서 올려 보이라는뜻이 아니라 정중하게 사과를 하고 치우셔야죠. 돌솥도 속이 안 뜨거워서 맨질맨질하니 밥을 눌러먹는 맛을 하나도 못 느꼈습니다. 일반 비빔밥과 가격차이가 있지만 음식에 무슨 차이가 있는지..? 남편이 불러 말한다는걸 말렸네요. 5만원어치 식사를 이런식으로 다시 ...,1
고향전주비빔밥 현대백화점신촌점,맛있어요 메뉴를실수로가지고와서다시받아먹었어요 전주비빔밥 뚝배기불고기주문 네이버검색 쉐도우핸드,3
고향전주비빔밥 현대백화점신촌점,"어머니랑 순두부찌개 먹었어요~ 예전에 방문했을 때는 맛있었는데, 이번에 먹은 순두부찌개는 칼칼한 맛이 없어서 아쉬웠어요~ 그래도 반찬 깔끔하고 어른들 모시고 가기 좋은 것 같아요ㅎㅎ",3
고향전주비빔밥 현대백화점신촌점,한식 좋아요,3
고향전주비빔밥 현대백화점신촌점,비빔밥과 밑반찬 맛있어요,3
고향전주비빔밥 현대백화점신촌점,"간이 강하지 않아서 좋은거 같습니다. 다만, 백화점 식당가여서 그런지 몰라도 나오는 거에 비해 가격이 비싼거 같아요.",3
고향전주비빔밥 현대백화점신촌점,굿~~,3
고향전주비빔밥 현대백화점신촌점,정갈한 백화점 한식,3
고향전주비빔밥 현대백화점신촌점,평범해요,3
고향전주비빔밥 현대백화점신촌점,보통,3
고향전주비빔밥 현대백화점신촌점,맛은 보통이지만 직원이 친절합니다,3
고향전주비빔밥 현대백화점신촌점,너무 짜고 양도 가격에 비해 적고 맛도 그저 그런듯.. 일단 너무 짜요,3
고향전주비빔밥 현대백화점신촌점,코다리조림 맛나요,3
난향,"솔직히 쓰겠습니다. 음식맛 보통 이상이고, 직원분들 상당히 친절하십니다. 그러나 우리는 불편했고, 비싼 음식을 제대로 먹지도 못했습니다. 홀 끝쪽에서 먹었는데 바로 통로 옆으로 있는 룸에 단체손 님(젊은 부부 여럿과 아기들) 있었는데, 그 시끌벅적한 룸의 문을 활짝 열고 떠들고 식사를 하더군요. 아빠들 술취한 대화 너무 심하게 들리고 애기 우는 소리, 애기 틀어주는 만화소리.. 말 그대로 고역이 었습니다. 룸을 잡은건 자기들만의 개인적인 공간을 갖기 위해서였을텐데 자기들 덥다고 문을 활짝 활짝 열고 홀 손님들이 소음 피해를 그대로 받아야했습니다. 식당측에선 신경도 안쓰고 .. 앞...",1
난향,"서비스도 별로였고 맛도 별로였고 가격도비싸고 신촌역과 가까워서갔지만,2번은 안갈것같아요",1
난향,가족끼리 기념하고 싶은 일이 있어 굳이 예약하고 갔는데 너무 불친절했음. 코스요리 먹었는데 음식 서빙 속도도 엉망임. 이정도 가격에 이정도 음식 퀄리티는 어디에나 널린듯. 지하라 분위기도 음침하고...정말 기분나쁨. 매니저가 특히 서비스 태도 엉망임.,1
난향,네이버 예약시 코스10프로 할인된다고 말했더니 다음번에 10할인된덴다 어이없음 덥다구해도 신경안씀~ 거기다 음식맛 보통이하 거기다 주차장 관리요원 대박~! 차빼라고 훈계함 그냥 가지들마세요 리뷰남기는것도 처음인 정말 최악의 장소 최악!!!!!!!!!!!! 서비스 최악 ~!!!,1
난향,룸에서 먹었는데 땀 뻘뻘흘리며 먹었습니다ㅠ 음식도 대체적으로 짜고 맛이없었습니다,1
난향,아래 첨부된 쿠폰이 올바르게 명시되어 있지 않아 할인도 못받는 등 서비스가 별로였습니다.,1
난향,최악의 서비스,1
난향,금액에 비해서 음식이 아쉬운 구성이었으며 특히 식사로 나온 짬뽕은 간이 너무 안되서 모두 남겨네요 마지막 요리 소고기 안심에서는 냄새가 났구요 리뷰보고 방문했는데 코스음식 간격을 너무줘서 뭘 먹었는지 솔직히 모시고간 엄마랑 언니한테 한소리 들었네요ㅠ 차라리 코스보다 단품요리 시켜서 드시는게 더 만족도가 높을거 같습니다.,2
난향,양이 적어요 ㅠㅠ,2
난향,직원 친절도가 좀 떨어집니다 교육이 좀필요할듯요 그리고 아기가 있어 유아식탁의자 요청했는데 준비도 안되어있었고 가져다주신의자는 닦여있지않은상태로 제가 물티슈로 다 닦고 앉혔네요 정말 실 망입니다 음식은 그런대로 괜찮았습니다만 나머지 면에서는 점수를 드리기 힘듭니다,2
난향,할인쿠폰을1개월내 사용귄으로 발급하여 실망,2
난향,깔끔하게 먹고왔네요~,2
난향,양이 작아요,3
난향,오랜만에 먹고 싶어서 갔는데 난향 짜장면 맛이 좀 변한 것 같네요..간이 왜 이렇게 짜졌는지 오늘만 그런걸까요? 반찬으로 나오는 짜사이도 짜기만 하고 예전의 자꾸 손이 가는 그 맛이 아닌데~저만 그렇게 느낀게 아니라 같이 가신 부모님도 그렇게 느끼셨네요~10년 넘는 단골의 느낌이니 잘 확인해보시면 좋겠네요~~,3
난향,"특별함은 없네요 서빙부분도 그저그렇구 요리는 어항동고,토마토탕수육,전가복,칠리새우,산라탕 요렇게 먹었는데 기억에 남는건 딱히 없네요",3
난향,서비스가 그렇게 좋지는 않음. 주문이랑 말하고 있는데 계속 가버리고 주방 옆에서 먹었는데 너무 시끄러웠음.,3
난향,음식은 전반적으로 맛있었습니다. 근데 짬뽕밥에 나온 밥이 너무 오래됐어요..누룽지 있는 밥은 너무했습니다..,3
난향,접근성 좋구요. 지하여도 괜찮습니다. 룸은 깔끔합니다. 맛은 개인차가 있겠죠~.(가격대비 아쉬웠음),3
난향,깐풍생우가 안 바삭하고 튀김옷이 너무도 두꺼워요.. 하지만 짜장면은 정말 맛있어요.. 홀 분위기는 좋고 서빙하시는분들 꾀나 친절하신데 테이블을 잘 안보셔서 벨도없어서 주문요청 드릴때 불편해요 계속 동선 따라다녀야하고 잘 테이블 안봐주셔서 좀 답답해요. 근데 한번 오시몬 잘챙겨주시긴하는데 밥같은거 누락되서 한공긴데 십분 기다려서 받았어여.. 카운터 분은 좀 불친절하시고 스트레스 받아 보이셨어요 전반적인 분위기는 좋아여.. 재방문 한번은 더 해보려구요 짜장면 맛있고 다른음식도 한번 더 먹어보랴구요...멤버쉽은 가입을 먼저 제안은 안해주시는데 문의드리니 가입해주셨궁 두...,3
난향,세트메뉴와 짬봉 먹었어요. 탕수육은 매우 부드럽고 바삭해서 맛있었어요. 지난번 짬봉을 맛있게먹어 기대했는데 오늘은 맛과 내용물에서 조금 실망. 그래도 보통의 다른 음식점보다는 낫습니다.,3
난향,맛있게 먹었지만 저번과는 확실히 다르네요 깐쇼새우 맛있었어요,3
난향,가격도 만족스럽고 음식도 깔끔한데 단발머리 서버분이 저도 좀 아슬아슬해 보였습니다. 서비스응대가 별로더라구요. 다른건 전체적으로 좋았어요 부모님도 좋아하시고요.,3
난향,"비싼감이 있으나, 음식은 대체로 맛있음. 직원이 대부분 친절하나, 매니저급 단발머리 아줌마가 불친절하여 재방문 의사 없음.",3
난향,음식은 기본이였어요 그런데 손님대비 서버분들이 부족해 보였네요 주말이라 손님이 많아서 응대가 좀 아쉬었네요,3
난향,"음식양이 좀 적고 디저트가 없는게 아쉽네요. 유린기샐러드, 탕수육 등 전반적인 음식맛은 좋았어요~",3
난향,맛은 정말 맛있구요 룸 분위기도 좋습니다. 다만 네이버 예약시 십프로 할인 혜택이 다음 방문시 적용 된다는 점을 명시 하시는 게 좋을 것 같아요. 그리고 서비스는 그냥 보통입니다,3
난향,맛도 좋구 음식도 푸짐하니 좋아요~ 네이버 예약하면 10%로 되는 줄 알아는데.. 2번째 방문시 10% 쿠폰으로 주시더라구요~ 기간도 정해져있네요~~,3
난향,"음식은 대체적으로 맛있었어요..특히 연어샐러드.칠리새우.짬&짜장면^^...but,양가 어른들 모시고 식사한건데 코스요리 서빙이 너무 늦었어요..벨을 울려야만 가져다주시고..ㅡㅡㅋ. ..",3
난향,예약하니깐 따로 룸으로 해주시고 기분좋았어요 음식도 맛잇고 가격대비 만족이네요 중년 남자 종업원 분들 너무 친절하셨어요.정말 친절하심! 근데 여자40대정도 되시는 종업원분 두분 중 한분은 주문받을 때도 제가 20대여서그런가..반말로 하시고 짜장면시키니깐 짜장? 그리고? 이렇게 말하시길래 놀랬네요.. 또 한분은 그릇 툭툭 던지듯이 세게놓고 어디 급한일있는 사람처럼 룸인데..문도 안닫고 계속 나가시더라고요(4-5번) 정말 식당도 고급스럽고 음식도 맛잇는데 아주머니 종업원 2분이 마음을 안좋게하셨어요..그것빼고는 정말 좋은 식당이었습니다^^,3
난향,회식때마다 방문하고있는데 나쁘지않았어요. 메뉴도 미리 다 주문해놨는데 음식하나가 너무늦게나온거 빼고요,3
난향,설거지가 제대로 안되있어 컵에 립스틱자국이 나마 있네요,3
난향,엄마랑 이모를 모시고 말일이라 코스를 먹을까 하다가 그냥 좋아하는 요리들로 주문했다. 맛은 역시 좋았으나 아쉬운 점은 후식이 없다는거...뭔가 마무리가 안된 느낌이랄까... 금액은 코스보다 더 나왔으니 서비스로 약간의 후식은 주셔도 될꺼 같아 문의했는데...단호한 답변...후식은 따로 없습니다~뭔가 아쉬웠다...,3
난향,디너 코스 먹었습니다. 가격대비 음식은 보통입니다. 코스음식을 빨리 주는 경향이 있습니다. 다음엔 단품을 먹어볼까합니다.,3
난향,맛있게 잘먹었습니다~^^*,3
난향,"방으로 안내해주신건 좋았지만 방 회전율을 높이려고 하시는건지, 주문받으실 때나 음식을 내오시는 속도가 빨리 먹고 나가라고 재촉하는 느낌을 받았습니다",3
옐로우스푼 신촌점,음식 맛도 좋고 사장님도 너무 친절하세요 다만 가게 위생에 조금만 더 신경써 주시면 정말 좋을 것 같네요 번창하세요:),3
옐로우스푼 신촌점,맛은 보통이예요 친절은 잘 모르겠어요,3
옐로우스푼 신촌점,느낌한거 싫은 분들은 레드소스가 좋을꺼같아요.데미소스먹었는데 저한테 느낌해서 콜라를 많이 먹었어요.,3
라임,좋아묘,2
라임,롤은 맛있으나 가격에 비해 양이 적어요. 샐러드라도 곁들여 나오면 모를까.. 다른메뉴들도 가격에 비해 양이 헉 하게 적네요,3
라임,굿,3
라임,합리적인 가격에 무난한 맛입니다. 가끔 롤 먹고싶을 때 찾아가는 곳이에요. 특히 점심세트가 가성비가 좋은 것 같습니다. 학생들이 자주 찾는 곳다워요!,3
아마,네이버 평점보고 예약하고 찾아갔구요 분위기는 어느 인도커리집하고 다를게 없는데 좌식이랑 테이블 자리가 따로 있어요. 8시 30에 갔는데도 다른 테이블 손님이 없어서 그런지 빨리빨리 시키라고 재촉하시고 들어갈땐 응대도 없어놓고ㅠ 9시되니 청소하셔서 급하게 먹고 나왔네요. 영업시간 분명 11시까지라고 되있는데 너무 빨리빨리 재촉하셔서 먹다 체하는줄 알았네요. 그리고 세트는 네이버 예약하고 가도 할인 안해줍니다.,1
아마,음식분위기 둘다 별로... 추천하진 않아요,1
아마,첫 방문때 만족해서 두번째 방문했습니다. 그런데 모든 음식이 너무 차가웠고 커리를 데워주는 워머가 무색할 지경이었습니다. 가격보다 음식의 맛이나 서빙 상태가 더 중요한데 어느 것도 만족시키지 못하네요.,1
아마,난은 맛있었는데 생각보다 먹을게없고.. 입맛에 안맞았던거같아요 가격도 저렴하지않고... 처음먹을때 색다른데? 하고 그게 다에요 2숟갈부터 맛없음 9시쯤갔는데 사람도 없고 휑했어요 인도 음식점 처 음가는데 다시는안갈거같아요 개인적인의견이라 인도음식 맞는분은 맛있을수도있겠네요,2
아마,음 엄마모시고 길치라 어렵게 찾아간곳.. 평이 좋아서 갔는데 친절도는 좋았었지만 맛은 소소했어요 치즈난에 치즈도 넘 적고 이왕이면 치즈많이 넣고 가격을 올리는게 나을듯 치즈난은 치즈먹자고 가 는건데 ㅜㅜ 스와가트 치즈난이 생각났어요 다른 난도 모두 같이 나와서 금방 식어버려 고 갈릭난에 마늘향도 적고 맛이 덜했어요 커리도 그냥저냥 맛난것도 맛없지도 그냥 보통이에요 아마세트 인당 16000원에 난까지 추가한 3만6천원 금액으로는 소소합니다,2
아마,인테리어를 조금 개선하면 좋을 것 같아요! 맛과 직원 분의 친절함 및 서비스는 좋았습니다~,2
아마,무제한 난,3
아마,저는 먹기 힘들었어요,3
아마,서비스는 좋았는데 내부가 덥고 향신료 맛이 쎄서 맛있는지 모르겠어오,3
아마,2인세트메뉴 시켰습니다. 새우가 맛났고 커리와 밥도 맛있었지만 치킨은 구워서 나오는데 좀 푸석푸석 하였습니다. 난을 처음 먹어보았는데요. 치즈난 보다는 버터난이 맛있었어요. 치즈난은 그냥 구운밀가루 먹는느낌. 배부르게 먹었지만 조금은 아쉬웠습니다. 경험으로 드신다면 나쁘지는 않아요. 먹을만 하였습니다:),3
아마,저녁먹기 한시간전에도 예약할 수 있어서 너무 좋았네요 다만 음식이 제 입맛엔 맞지 않아서 아쉬웠어요..저녁시간에 가서 세트메뉴로 안히켜서 난을 한번 리필하긴 했는ㄷ 그냥 세트메뉴 시키는게 더 나을뻔햇네요,3
아마,커리는 만족했습니다. 난은 너무 빨리 식어서 별로였어요.,3
아마,다들 리뷰가 너무 좋으셨는데... 저는 ... 일단 너무 추웠구요. 하지만 친절하시긴 했어요. 그리고 난은 진짜 맛있었어요.,3
아마,분위기도 특이하고 커리 맛있어요~~,3
아마,음식이 맛있어서 여러번 방문했었는데 이번에 좀 아쉬웠어요. 음식은 똑같이 맛있었는데 먹는와중에 벽에서 작은 바퀴벌레를 봐서 많이 놀랬었습니다. 금방 잡아주시긴 했으나 먹는 내내 불편했습니다.,3
아마,잘먹었습니다 탄두리치킨이 딱딱했어여,3
아마,맛있긴했는데 세트메뉴는 네이버예약 할인 적용 안된다는 걸 계산할 때 알려주시네요ㅠㅠㅠㅠ참고하세요,3
아마,생각보다 별로였어요,3
아마,"런치3인세트41000먹으러감. 일인당 약 만사천원으로 런치먹는건데 크게다른곳과 맛이특별히다르지않음. 런치세트는 네이버예약할인이안됨. 추가.사람들이자꾸 런치는 할인이안되네요를 적는다면 사람들이 계속 왜이렇게적을까를생각해보세요. 예약할때 아마에서드리는글: 15프로할인, 세트주문시난할인불가""라고적혀있기때문에 세트도 할인이되지만 난은 추가가 안되는구나를 생각하게됩니다. 첨부터 런치는할인불가라고하면 자꾸이런 런치는할인이안된다는 반복적인글은 안올라올텐데말이죠.",3
아마,맛있게 잘먹었습니다 친절하시고 좋았습니다 다만 네이버에약 할인이 15프로 할인되는건 세트메뉴에는 적용안되는것 같았습니다 그부분을 정확히 웹상에 명시해주셨으면하는 바람입니다 번창하세요,3
송현대백화점신촌점,좋아요,3
송현대백화점신촌점,친절하면서 깨끗합니다,3
송현대백화점신촌점,불친절,3
송현대백화점신촌점,보통이에요,3
송현대백화점신촌점,예,3
송현대백화점신촌점,돈까스 가게인데 칼이 없어요. 돈까스를 가위로 잘라보기는 처음이네요^^ 신선~ 젓가락으로 돈까스 들고 가위로 잘라먹었어요 정말 새로운 경험이네요~~ 맛은 있어요!,3
송현대백화점신촌점,가격대비 양이 너무 적어요,3
송현대백화점신촌점,음식이 많이 달아요 ㅜㅜ 전반적으로 맛이 기대엔 미치지 못했어요,3
송현대백화점신촌점,흠... 돈까스는 좀 느끼합니다,3
피슈마라홍탕 신촌점,여기 처음 생겼을 때는 다른 여자 분이 홀 맡으시면서 친절하고 제 최애 매장이었는데 오랜만에 가보니깐 점장님이 바뀌신 건지 아래에서 말한 눈 큰 중년 여자분ㅎㅎ... 앞으로는 안 갈 듯 합니다,1
피슈마라홍탕 신촌점,음식은 맛있는데 눈 크시고 중년여성분이 서빙하시는데 너무 불친절해요 직원 바꾸던가 교육 제대로 시키세요 물도 안가져다주고 ㅋㅋㅋ 아무것도 하는게 없습니다,1
피슈마라홍탕 신촌점,꺼어억...,3
피슈마라홍탕 신촌점,신촌 현대백화점 근처라 찾기 쉬웠고 깔끔하게 정돈된 분위기라서 좋았어요.아이들은 백탕이라고 맵지 않은 메뉴가 있어서 같이 즐길수 있어서 좋았어요.근데 양대비 가격이 조금 있어서 부담은 될거 같아요.,3
스떼이끄300,용인점 가보고 너무맛있어서 신촌점도 가봤어요 용인이 더맛있네요 그리고 냄비손잡이에 음식이자꾸 닿아요 그래서그런지 손잡이 너무더러워요 좀빨아야될것같아요 맥주가좀 많이작은컵에나와요 빵 이나왔는데 빵끝에색이 좀 까매서 만져봤더니 너무딱딱했어요 냉동빵 덜 데운것같은느낌이요,1
스떼이끄300,그동안 가성비 좋아서 자주 갔던 곳이에요.. 최근들어 테이블 위생상태가 좋지 않다고 여겨지긴 했었는데 오늘 가보니 정말 심하더라고요.. 바닥에 며칠 된듯한 와인 자국이 있고 테이블 위엔 먼지와 기름때로 끈적끈적.. 뭔지모를 음식물과 눌러붙은 컵자국 등.. 이외에도 직원 응대 등 실망스러운 점이 많았지만 기본적인 위생 상태만이라도 개선해주시면 좋겠어요.. 오늘 기억이 너무 좋지 않아 다음번에 또 갈지 모르겠네요..,2
스떼이끄300,꽃등심 시켰는데 기름이 너어무 없는 부위로 잘라주시더라구요 그냥 단색 붉은색 고기였음 ㅋㅋㅋ 그래서 참.. 퍽퍽했습니다. 기름맛집이라길래 간건데 실망스럽네요,2
스떼이끄300,메뉴가 많이 바꼈어요.. 싸다고 소문 났었는데 지금은 싸지도 비싸지도 않은 적당한 가격인 것 같아요. 불친절하고 더럽다는 리뷰 보고 걱정했는데 괜찮았고 적당히 기분좋게 먹고 갑니다.,3
스떼이끄300,"고기 질은 무난한 편인데 와일드 스테이크는 없어서 안타까웠고, 알바생이 적어서 그런지 스테이크 나오는 시간이 좀 길어진 느낌입니다. 좀 더 개선되기를 희망하는 편입니다.",3
스떼이끄300,♡♡,3
스떼이끄300,맛있고 양 많았습니다,3
스떼이끄300,가성비가 내려오아아아아악,3
연세로갈매기,다른 손님이 있는 내내 술마시면서 고함을 지르는데 너무 시끄러워서 고막이 터지는 줄 알았습니다. 앞사람이랑 대화가 안되는 수준이였습니다. 조용히 해달라고 알바분께 부탁드렸는데 그냥 무시하시 더라구요. 정색하고 모자벗으시더니 아무말없이 카운터로 갔습니다. 다른 테이블도 힐끔 힐끔 쳐다보는데도 그냥 무시하시니까 고기맛은 고사하고 기분이 매우 언짢았습니다. 좋은 기억이 있어서 재방 문 했는데 다시는 안갈 것 같습니다.,1
형제갈비,갈비탕이 한달전에 비해서 갑자기 고기가 질겨지고 국물에 기름기가 많아졌어요. 한달전의 고기는 뼈와 살이 잘 분리되고 부드러웠어요. 기본적으로 맛집은 맛의 유지가 중요합니다. 가장 중요한 재료인 고기가 힘줄이 많고 기름진게 들어오지않게 품질 좋은 고기를 쓰셔야죠. 소비자들이 모를것 같아요? 단골들은 금방 알아차립니다. 맛의 유지를 하게끔 좋은고기를 가져다 쓰시길 바랍니다. 한달만에 와서 너무 실망감에 이이렇게 리뷰 남깁니다.,1
형제갈비,그냥그래요,1
형제갈비,맛있는데 서비스 개별로임. 김치 추가달라고 3번 말해도 안주고 기다리라구요! 라며 눈 부라림 진짜 웬만하면 가지마삼,1
형제갈비,위생이 별로인듯해요..,1
형제갈비,된장찌개를 5천원이나 따로내야하는데 가격비해 맛은 정말... 그리고 카스맥쥬 달라고했는데 테라밖에 없다고 해서 그걸마셨는데 왠걸요 신발신고 나와서 바로보이는 냉장고에 카스맥쥬가 가득있네요. 손님상대로 이런거짓말하는 직원이 있다니 18만원넘게 쓰고 나와서 기분상했네요. 다시는 가지않을듯합니다.,1
형제갈비,"-종업원 불친절하시네요(짜증섞인 말투에 ..손님수 대비 직원이 적어 바쁘셔서 그러신것 같아요) -고기 구워주시는 줄알고 기다렸다 고기태움.. 본인이 굽는겁니다 tip~ -갈비1인분3만원,냉면1만원 저렴한곳은 아니며 그에 비해 맛은.. 개인적인 의견은 그만큼의 정도는^^;;",1
형제갈비,"진짜 이렇게 성의없는포장은 처음이네요 .. 파같은것도 없도 밥,반찬도 없고 데워먹어 더 그렇겟지만 진짜 별맛이안나요 ㅜ 환자에게 병원밥보다 좀 맛있는거 먹이려 사갓는데 실망스럽네요",1
형제갈비,팁주라고 써놓은거부터 얼마나서비스좋길래그런지 했는데 홀서빙 보시는분이 넘나 바빠서 고기올려주기만하고 굽는거 판가는거 다 셀프로했네요 고기구워주시는 분한테 팁 주라는거 테이블메뉴판 에 떡하니 적어두고선 셀프로고기 구워먹고 팁만주고왔네요. 별로예요,1
형제갈비,갈비탕 만원에 고추가루뿐 아니라 배추까지 중국산. 어쩐지 배추상태가 그렇더라. 고기질 떨어짐. 갈비탕먹고 건강 나빠지는 경험은 흔하지않음. 이게 맛있다는사람들 패스트푸드 엄청 좋아하겠다.,1
형제갈비,서비스 진짜 개똥이였습니다. 특히 앞치마맨 아주머니께서 참 매섭더라구요. 알바생분들은 친절했어요. 3명가서 3인분시켜서 너무많은것같아서 1인분은포장요청하니깐 첨부터 안된다고 하더라구요 3 명매장에서 먹어야된다고 어차피 값은 같은데ㅠ 불고기는 잡내는 덜난것같은데 엄청달아요. 젊으신분들보다 나이드신분들이 많구요. 1층 한우인 갈비탕도 먹어봤는데 그게 더 나았습니다. 4층 불고기 비추에요. 세브란스 병원다니는데 다른 분들이 여기 옛날맛아니라고 비추하셨는데 이유가 있네요,1
형제갈비,"4층 불고기코너 정말 최악 중에 최악이네요. 테이블 청소도 안해주고 앉으래서 저희가 셀프로 닦았는데 앞접시도 알아서 가져가라고 하고, 반찬도 덜 갖다줘서 요구하니까 테이블에 던져놓더라구요. 마지막에 계산할 때는 각자 계산해달라 하니까 계산하는 직원이 있는대로 욕하면서 영수증 아까우니까 결제는 한번에 하고 당신들끼리 알아서 돈 주고받으면 되는 것 아니냐고 하더군요. 장사하기 싫은 것 같은데 앞으로 무슨 일이 있어도 안가겠습니다.",1
형제갈비,"4층 불고기 큰 식당이나 서비스는 최악임. 한가한 시간에 방문함에도 식탁을 헹주로 닦지도 않은 채 안내하였고, 물티슈로 지저분한 것들 닦고 있는걸 봐도 아무런 치울 생각을 안하심. 앞접시 안주셔서 벨누르니 셀프라고 직접 가져가라고 하심. 제일 최악은 계산하고 나올 때 더치페이 한다하니 종이영수증 아깝다고 하시며 계산할때 욕하심.",1
형제갈비,불고기 먹었는데 진짜 300g인지 모르겠습니다. 제가 고기를 좋아해서 자주 먹는데 보통은 이것보다 많이 주거든요. 그리고 서빙하는 분이 너무 불친절해서 팁 주고 싶은 마음도 없어졌네요. 팁은 왜 서버들 주라고 쓴 건지...,2
형제갈비,서빙이 영아닌듯..,2
형제갈비,냉면.. 좀 언능 줘요,2
형제갈비,일단 밑반찬이 너무 몇가지 없어요..한4가지 있는 것 같아요. 제가 갈비집 다른데 가봐도 이 정도로 반찬이 없는 데는 처음이네요. 갈비는 양념이 너무 달고 살짝 질겨요. 그리고 숯불향 정도가 아니라 연탄냄새(약간 화학 냄새) 가 엄청 나요. 여러모로 실망했네요.,2
형제갈비,불고기 맛있어서 자주가는데 오늘은 서비스에 실망이네요. 날이 쌀쌀해서 따뜻한 물한잔 부탁드렸는데 따뜻한물 없다고 하셨는데...분명... 그런데 소갈비시키시는 손님이 따뜻한물 얘기하시니 바로 주 시네요ㅠ 보니까 자주오시는 분같은데 팁까지 주시는걸보니... 불고기 먹으면 뜨신물도 대접받지 못하는건가요... 씁쓸하네요ㅠ,2
형제갈비,맛있어요ㆍ하지만 인원수대로 시켜야만 하는것이 아쉬워요 먹어보고 맛있으면 더 추가할수도 있는데 모두가 배가 고픈것이 아닌데도 불구하고 식사를 모두 시켜야한다는것이 부담스러웠음,2
형제갈비,고기도 질기고 국물도 밍숭맹숭한 느낌이었어요,2
형제갈비,비쌈,2
형제갈비,좋아요,2
형제갈비,맛은 있는데 직원분들이 불친절해요. 가게에 들어오면 빈자리에 앉는게 당연한데 앉지말고 줄서라고 해서 줄 섰어요. 다리 아픈 할머니들이 그냥 가서 앉으니까 또 앉혀주더라고요? 서있는 줄이 주문하는 줄이면 안내라도 해주지 그런말 하나도 없고 줄서있다가 자리안내받았어요. 갈비탕 주면 되냐고 해서 달라고 했더니 계산할라면 또 줄 서있던데로 가래요ㅋㅋㅋㅋ 그럼 줄서있다가 주문하고 결제하고 자리안내해주면 될 것을 ... 일을 못해요 일을,2
형제갈비,1층 갈비탕 맛은 좋은데 안에서 식사시 테이블이 불편하네요. 의자도 안좋구 그래서 테이크아웃 합니다,2
형제갈비,너무 불친절하셔서 별로였습니다...,2
형제갈비,ㄴ,3
형제갈비,맛있는데...갈비탕의 고기양이 적어진것 같은...,3
형제갈비,이도저도 아닌...,3
형제갈비,서버 이모님은 엄청 친절하셨어요 고기 양도 괜찮게 나왔구요 근데 전반적으로는 실망이에요 일단 밑반찬이 너무 부실하고.. 고기 맛은 생각보다 평범해서 재방문은 안 할 것 같아요,3
형제갈비,굿,3
형제갈비,..,3
형제갈비,그냥그저,3
형제갈비,탕,3
형제갈비,"예전부터 갈비탕 생각나면 자주 들르던 곳이어서 오랜만에 포장했는데, 뼈 갈비 말고 다른 얇은 고기들이 섞인걸로 바뀌었네요. 국물에 기름도 많고.. 느끼해요. 맛이 변한거 같아 아쉬워요..",3
형제갈비,불고기 싸다 하지만 좀 질기네,3
형제갈비,갈비탕 맛있어요.,3
형제갈비,갈비탕 맛나요,3
형제갈비,맛있너요,3
형제갈비,좋아요,3
수퍼바이츠 신촌점,너무 뻑뻑해서 안넘어갔어요..,2
수퍼바이츠 신촌점,나 여기 넘 좋아하는데 점점 오버쿡이 많아짐 ㅜㅜ,3
수퍼바이츠 신촌점,감튀는 따뜻하고 맛나요 치킨버거는느끼함ㅜ 마요네즈+양파+양배추+피클이 다라서.. 양배추양도 적고 느끼함을 잡아줄수있는게 없어요 케이준치킨버거는 좀 나으려나..,3
수퍼바이츠 신촌점,매장이 너무 더움 .. 불고기버거도 맛은 그냥저냥,3
수퍼바이츠 신촌점,첫방문 입니다 자몽에이드 자몽시럽이 너무 작아서 놀랐어요 저게 정량 이라하시면 할말이 없지만 아무리 휘저어도 자몽에이드가 만들어지지 않았습니다 ...얼음만 한가득 ..해서 조금 아쉬웠어요 ㅠㅠ 자리가 우선 불편해요 블라인드 하나 없고 턱이 있어서 몇번이나 넘어질 뻔 했던 그 그 !! 그 창가 오른쪽 자리!! 바닥은 음료가 흘러서 방치 했는지 계속 신발에 붙어요... 여기서 넘어진 사람 없으셨나 요 ;; 햄버거 맛은 좋았어요 제가 시킨 건 아임파인 버거 였습니다만 수제버거라 그런지 먹기가 참 불편해서 아임낫파인 을 외치며 먹었습니다 그래도 재료가 신선해서너무 맛있게 잘 먹었습...,3
수퍼바이츠 신촌점,흑임자아이스크림 3천원 양이 많아요 둘이 먹어도 될거 같아요 지나가다 사진보고 맛있어 보여서 시켰는데 그냥 쏘쏘. 밑에는 얼음 갈려져 있고 위에는 아이스크림이네요 흑임자의 고소한 맛이 강하지는 않아요 가게 내부는 무난합니다,3
수퍼바이츠 신촌점,그냥 배채우기위한.. 좀 퍽퍽한 느낌이있었어요. 치킨패티보단 소스부족아닐까 싶은.. -버거도장깨기-,3
수퍼바이츠 신촌점,패티가 조금 탄 것 같아요.. 그래도 햄버거 속 야채가 신선했습니다,3
수퍼바이츠 신촌점,햄버거나 감튀더 보통임,3
수퍼바이츠 신촌점,매콤하진않지만. 나름. ㅠㅠ,3
소바연구소,.,3
호밀밭,빙수 포장 하려고 카운터 직원분께 몇분안에 먹어야 하는지 물어 봐도 제대로 답변도 안 해주셔서 집까지 30분 걸린다고 말 하니까 그정도는 괜찮다고 하셔서 사 왔는데 드라이 아이스도 없이 얼음팩만 있어서 빙수도 녹아 있었고 포장도 대충 되어 있어서 포장팩 안에 흘러 내렸네요 고객이 실험용도 아니고 몇분 걸리는지 모르면 윗 사람한테 물어 봐서 알던지 애매하면 먹고 가는게 나으실거 같다 라던 지 하면 될텐데 그냥 될대로 되라는 식의 태도와 처음에 주문 할 때도 메뉴가 몰라서 팥빙수 주세요 라고 했더니 메뉴 설명도 제대로 안 해주고 밀크빙수로 주문 받더라구요 제 입장에선 밀크 빙수...,1
호밀밭,맛있는팥,3
호밀밭,미리 빙수를 갈아논것인지? 겉이 포슬하지않았음 맛도 그냥 평범,3
호밀밭,양도 적고 넘 비싸ㅡ.ㅡ,3
호밀밭,흠... 한번쯤 가볼만해요,3
호밀밭,팥은 따로,3
호밀밭,테이블끈적이고 불친절하긴한데 빙수는 맛있음,3
머노까머나 신촌점,커리가 왜케 달아요..??,1
머노까머나 신촌점,"엄청 실망..네이버 댓글에 기대 하며 누나식구들 까지 갔는데~~~한국 직원 불친절, 외국 직원분은 친절 ~단? 인가요? 화덕에 구워먹는 빵같은것 찍어 먹는 카레는 추가로 주문 하고 싶어도 세트매뉴 시켜야 나온다 하고~ 여튼 정말 다시는 안가고 싶은곳~",1
머노까머나 신촌점,제가 인도음식을 잘 모르는건지 매콤하게 해달라고 했는데 음식들이 다 너무 달아서(커리포함) 다시 가고싶은 생각은 안드네요 ..,1
머노까머나 신촌점,네이버로 예약을 했는데 예약하고 5분뒤에 이용완료됐다고 문자가 오네요..이게 뭐지..?하고 어제 오후 내내 전화를 했는데 전화도 안받고...장사할 생각 없는 것 같아서 다른데 예약했는데 오늘 아침에 또 문자가 오네요..이용후기를 작성하라고...그래서 작성합니다..이용후기.. 강제로 이용완료를 시켰으면 안내전화나 문자라도 한통 넣어주면 좋지 않을까요..? 아니면 전화라도 받던가..한두번 바쁠때 못받을 수도 있죠..그런데 하루종일 전화를 안받는건...이해가 안됩니다.. 그래서 1점~ 드립니다^^,1
머노까머나 신촌점,세상 불친절ㅋㅋ,2
머노까머나 신촌점,Chilly prawn curry는 너무 별로였어요...,2
머노까머나 신촌점,"서비스 불친절하구요, 양도 적고, 인도커리라면 basmati 쌀로 밥이 되어야하는데 한국쌀 쓰더라고요. 불가리스 요구르트랑요..... 인도음식 흉내낸 한국음식입니다",2
머노까머나 신촌점,이름이 생소해서 여쭤보는데 너무 빠르고 불친절하셔서 눈치보이더라구요 .. ;; 주방에서도 계속 마스크 벗고 계시고 결제할 때만 마스크 쓰시네요..,3
머노까머나 신촌점,주문을 잘 못 받으셔서 다른게 나오긴 했지만 맛은있어요 물은 달라고하기전에 먼저 주시면 좋겠어요.. 갈때마다 안주심,3
머노까머나 신촌점,굿,3
머노까머나 신촌점,네이버 예약하면 난 서비스 있어서 좋아요,3
머노까머나 신촌점,좋아요!,3
머노까머나 신촌점,"런치 10000원과 13000원과 차이는 탄두리 치킨 제공 유무의 차이. 10000원은 무, 13000원은 유. 장점은 적당한 가격의 적당한 분위기와 맛. 친절한 서비스. 이국적 느낌. 단점은 홍대에 있는 모 음 식점에 비해 1인당 1,000원 저렴함에도 불구하고 메뉴를 전혀 선택할 수 없음에도 불구하고(커리, 밥, 난) 맛은 훨씬 떨어진다는 것. 즉 가성비가 나쁘다. 굳이 신촌에 있는 곳을 가야겠다면 모를까 머노 까머나의 장점은 모르겠다...",3
머노까머나 신촌점,맛은있으나 친절도나 서비스가 좀 부족합니다,3
머노까머나 신촌점,난은 기가막히게 맛있었어요 그치만 샐러드에 뿌린 핫소스 ? 같은 매운맛은 잘 안어울렸고.. 탄두리도 보통이였습니당. 그래도 친절하시고 좋았어요,3
머노까머나 신촌점,닭고기 맛있어염,3
머노까머나 신촌점,먹을만합니다,3
머노까머나 신촌점,먹을만했어용 근데 시금치 커리는 다른데보다는 특별하지 않은 것 같아용~,3
머노까머나 신촌점,"찾기는쉽습니다. 세트메뉴 22,000원짜리는 그냥저냥인데, 양고기BBQ는 냄새가 많이 납디다. 비추입니다.",3
머노까머나 신촌점,평범했습니다,3
머노까머나 신촌점,경험하지못한맛이었다,3
머노까머나 신촌점,맛은 좋았는데 예약을 하고 간 의미는 느껴지지 않을만큼 응대는 느껴지지 않았어요 다른 지점 가보려고요,3
머노까머나 신촌점,맛있었지만 11시쯤에 가서 그런지 음식 나오는데 30분이 걸렸네요ㅜㅜ,3
유자유김치떡볶이 신촌점,맛있는데 너무 더웠음....에어컨 좀 빵빵하게 켜주ㅏ야할듯,3
호탕마라탕,"19:20 방문, 칭다오 두 병과 함께 19:23 주문함 입장 및 주문시 영업 마감에 대한 공지 없었음 (입구에 일욜 8시까지라 적혀있었으나 확인못한 본인의 잘못도 일부 있음을 미리 시인하며 그 이유로 별 0.5 하려다 하나로 올림) 19:36 음식나옴 20:00 영업시간 마감이니 나가달라함 일동 당황 그럼 들어올 때부터 영업시간이 8시까진데 주문하시겠냐 물어봐야되는거 아니냐고 했더니 그래서 7시 20분 에 손님들께 8시 마감이라고 얘기한다고 함 근데 우리중 아무도 들은 바 없음 맥주도 마라탕도 한참 남았는데 아 그래서 지금 나가라는 말씀이세요? 하고 물으니 네. 라고 대답 들음 10분 안에 정...",1
호탕마라탕,음식 여러개 주문했는데 너무 늦게나오고 야채들도 안싱싱했어요. 몇년전부터 자주가던곳이였는데 최근들어 실망만..,2
호탕마라탕,사장님이 고기추가를 못 들으셔서 고기없는 마라탕 먹었어요.. 위생은 항상 아쉽지만 얼얼한 마라맛이 너무 좋아서 가게되네요 ㅠ,3
배바위양곱창,이런 경우는 정말 오랜만이라 리뷰씁니다. 대단한 친절을 바란 것도 아니지만 적어도 손님이 말을 하면 대답이라도 하셔야죠. 손님이 식당 들어가도 그냥 한 번 쳐다만 보고 말아서 이거 어디 앉아도 되는건지 뭔지 싶다군요. 방송에 나올 때는 손님만 목이 빠지게 기다리는 것 같으시던데 방송나오고 손님이 좀 드니까 이렇게 손님을 개무시하는 걸까요? 대체 여기에 친절하다고 리뷰 남기는 사람들은 돈써서 알바 푼 것인지 정말 이해가 안 가네요. 5-6만원 돈 써가며 이런 대접 받느니 그냥 황소곱창가세요. 이렇게 기분 나쁘게 밥 먹은거 오랜만이네요.,1
배바위양곱창,일단 객관적으로 맛있고 양많습니다. 다만 여기 볶음밥이 7천원짜리가 있고 2천원짜리가 있는데 저처럼 헷갈리시는 분들 있을까봐 글씁니다. 저는 학생이고 볶음밥 2천원 이상이면 먹을 가치가 없다고 생각하는데 저는 볶음밥을 시켰으나 7천원짜리 볶음밥 해오셔서 조큼 당황했습니다. 여튼 고기도 많이 주시고 서비스도 좋으시고 친절하신건 맞습니다. 하지만 저는 좀 당황스러웠던 기억때문에 3점만 주고 싶습니다.,3
또보겠지떡볶이집 신촌히어로점,왜 줄서서 먹는지 이해가 안된다,1
또보겠지떡볶이집 신촌히어로점,"*리뷰보고 간건데 너무 실망했습니다 1)떡이 15개 정도밖에 없음,, 둘이 먹는데 양배추만 먹음 2)라볶이 먹는줄 알았음.. 라면사리 추가 안했음 양배추만 먹느라 억울할뻔 ㅋ 3)어묵도 얇아서 별로에요 버터갈릭은 맛있고 직원들도 친절한데 13000원주고 떡볶이만 시키면 배도안차고 양배추볶음 먹고 나오는 기분일 것 같네여,, 사리 추가해서 다행이였지 재방문할 의사 없고 기본적으로 양배추 점 덜고 떡 좀 추가하셨음 좋겠어요",1
또보겠지떡볶이집 신촌히어로점,포장해와서 먹었어요. 또떡 진짜 너무 좋아하고 매장에서도 자주 먹었고 포장해와서도 오늘 맛있게 먹었는데 철수세미에서 떨어져나온 것 같은 이물질이 들어있었어요.. 진짜 또떡 너무 사랑하는 1인으로써 리뷰 남겨요ㅠ 이럴 때 일수록 위생에 더 신경써주세요..!,2
또보겠지떡볶이집 신촌히어로점,"홍대점보다 양이 적은 것 같아요. 떡이 10개 정도만 들어간듯..? 소세지 사리 추가해서 많아보이는 거고, 치즈사리도 뿌려주다 말았나 싶네요. 감튀양보고 깜짝놀랬어요. 저렇게하고 6,500원이었나..",3
또보겠지떡볶이집 신촌히어로점,떡볶이 위에 깻잎이 올라가는데 주방에서 나올때 그게 흐트러졌나봐요. 홀에서 일하시는 분이 손으로 깻잎 다시 올리는 모습을 제가 보고 말았네요... 어차피 끓일거니까 그냥 못본척했는데.. 손에 주방용장갑을 끼고 있었지만 그 손으로 테이블도 치우고 닦고 하는 모습을 봤어서 먹기전에 좀 마음이....,3
또보겠지떡볶이집 신촌히어로점,쏘쏘에용 .....,3
또보겠지떡볶이집 신촌히어로점,좋아요,3
또보겠지떡볶이집 신촌히어로점,맛있어요~~,3
또보겠지떡볶이집 신촌히어로점,재료를 그냥 줘서 조금 그랫습니다... 집에서도 방금한거처럼 먹을수도 있겠지만 된거를 포장하는게 좋은데ㅠ 무엇보다 감튀 포장이 아쉽네요...,3
또보겠지떡볶이집 신촌히어로점,고냥 저냥 .. 감튀 맛집 떡볶이는 쏘쏘 기다릴 정돈 아님,3
또보겠지떡볶이집 신촌히어로점,감튀는 맛있었습니다,3
또보겠지떡볶이집 신촌히어로점,떡 양이 너무 줄었어요ㅠㅠ,3
또보겠지떡볶이집 신촌히어로점,유명한 떡볶이집! 갈릭 소스 감자튀김이 매운 떡볶이와 함께 먹으면 접합함. 떡볶이 국물이 달고 국물이 많아서 즉떡같은 느낌이 덜해서 아쉬웠음,3
부탄츄 신촌점,존노맛 ㄹㅇ,1
부탄츄 신촌점,제 입맛에는 너무 짰습니다...,2
부탄츄 신촌점,맛있는데 좀 더 친절했음 좋겠어요. 전에는 입구에 들어서자마자 활기가 느껴졌는데 지금은 엄청 쳐지는 분위기.,2
부탄츄 신촌점,"분명 예전에는 개존맛 나만 알고싶은 라멘 맛집이었는데 점점 맛이 변하는 느낌. 오늘 갔을 땐 날파리 한마리가 계속 라멘으로 와서 먹으면서 계속 날파리 쳐냄. 결국 눈치못챈사이에 날파리는 덜어놓은 김치에 앉아버렸다.....ㅠ 새 그릇 꺼내기도 애매해서 그냥 냅둠,, 얼마전엔 담백한맛 먹고 오늘은 진한맛 먹었는데 두 번 다 느끼하기만 하고 별로였음. 오늘은 먹고나서 속도 불편해서 다신 안갈 것 같음.",2
부탄츄 신촌점,직원들 친절했지만 맛이 개인 취향이 아니네요. 찐한 국물 좋아하시는 분은 방문해보시길 추천합니다.,2
부탄츄 신촌점,정말 본토맛일까? 아이랑 같이 다녀왔는데 짰어요 .단무지도 생각나고...,2
부탄츄 신촌점,굿,3
부탄츄 신촌점,양이 많아요,3
부탄츄 신촌점,먹다보니 국물이 넘 느끼했네요 ㅠ,3
부탄츄 신촌점,유명하다고 해서 찾아갔는데 제 기준에선 평범했던 거 같아요!시 사리추가가 되는 점은 좋았도 국물도 진해서 맛있습니다!! 살짝 짜긴 하지만 라멘이 대부분은 그랬던 듯...,3
부탄츄 신촌점,느끼함 ㅜ 육수에 마늘 넘 많음,3
부탄츄 신촌점,후기,3
부탄츄 신촌점,좀 짜요,3
부탄츄 신촌점,라멘맛이 이런거라면 ㅎ,3
부탄츄 신촌점,ㅇㅇㅇ,3
부탄츄 신촌점,주문누락..너무하심 음식은 맛나요,3
부탄츄 신촌점,느끼해서 완뚝 불가...,3
부탄츄 신촌점,츠케멘 괜찮네요!,3
부탄츄 신촌점,제입맛엔 모르겠어요.. 호불호가 갈리것 같아요..,3
부탄츄 신촌점,"호불호가 많이 갈릴 것 같다. 뭐랄까... 처음 먹어본 맛이어서 어떻게 말로 표현할수가 없다(??) 가장 기본적인걸로 시켰는데, 마지막 먹을 때 즈음에는 조금 느끼했다..ㅠ ㅠ 추천받아서 갔던거라 아쉬움이 남았던.. 맛이 없는 건 아닌데 나에겐 불호.",3
부탄츄 신촌점,직원싸가지없음,3
부탄츄 신촌점,음악이 너무 시끄럽고 정신없어요. 맛은 무난,3
부탄츄 신촌점,양도 많고 맛있어요그런데 매장 들어오면 나는 돼지 냄새? 랑 매장 실내가 좀 꿉꿉한건 아쉽네용 #우리동네숨은밥집,3
부탄츄 신촌점,직원은 친절.맛은 그저 그럼,3
미도인 신촌,"날파리 날림, 시장바닥저리가라 시끄러움. 공간에 비해 테이블 넘많고 다닥다닥 붙어있음",1
미도인 신촌,리뷰보고갔는데 별로였습니다.. 조미료도 많이 사용하는거같구요ㅠ주방에서 다시다를 듬뿍 뿌리는걸 봤어요..0 장국은.. 물마시는건지 차갑더라구요.. 뭔맛인지 모를맛이었어요,1
미도인 신촌,스테이크 맛집으로 나오던데..스테이크 치고 가격이 저렴해서 괜찮은거지 맛이 좋진 않아요 기본적으로 너무 그냥 덮밥과 스테이크 소스는 짜고. 호박죽은 너무 달았어요,1
미도인 신촌,밥양도 많고 소스도 맛있었습니다 와사비도 생와시비라서 좋았어요! 토핑된 고기양이랑 대창이 너무 적다고 생각합니다... 다른리뷰가 왜 좋은지 의문이네요 홍대개미갈껄그랬어요...,1
미도인 신촌,음식도 한시간걸려나오고 양도적고 맛도 그냥그랬음,2
미도인 신촌,잘 모르겠어요.. 평도 좋아서 기대하고 가는길에 가고 싶었던 곳도 다 지나치고 갔는데.. 제 입맛에는 호르몬동도 구첩반상으로 나와서 그렇겠지만 제가 아는 호르몬동은 아니었고 부채살도 그냥.. 그랬습니다. 죄송하지만 두번 갈 필요는 없을것 같아요ㅠㅠ 가게 분위기는 좋았어요,2
미도인 신촌,"음식 정갈하고, 플레이팅 정말 예쁜데 양이 적다고 느껴졌어요😭 많이 드시는 분들은 둘이서 메뉴 세 개 정도 주문하는게 좋을듯 합니다",3
미도인 신촌,쏘쏘,3
미도인 신촌,"복숭아 에이드 시켰는데, 망고에이드 두번이나 주시고 ㅠㅜ 결제할때도 스테이크 하나 더 찍으셔서 재결제했어요.. 스테이크는 등심보단 부채살이 더 맛있는것 같아요. 대창은 간이 너무 쎄서 짰어요",3
미도인 신촌,가격대비 양이 적어요,3
미도인 신촌,분위기는 5개. 첫 날 먹은 부채살이 몹시 황홀해서 이번에는 L 사이즈로 시켰는데 생각보다 양이 많지 않았어요. 부채살을 배불리 먹는 걸 상상하고 왔는데 고기가 부드러워서 그런지 배는 차지 않았구 요. 배불리 드실 거라면 7그릇 한정인 400등심 덮밥을 추천드립니다. 저처럼 작은 사이즈를 먹은 후 푸짐한 양의 스테이크를 기대하며 큰 사이즈를 시키실 분은 근처에 아웃백 가셔서 토마호크 시키시 는 것이 좋을 듯 해요. 음. 개인적으로 불쾌한 일을 하나 겪었습니다. 물론 직원 분들은 굉장히 친절하셨구요. 이상한 손님이 하나 있더라구요. 안경 쓰고 회색 후드를 입고 검은 모자를 쓴 통통한 ...,3
미도인 신촌,쏘쏘했엉ㆍ,3
미도인 신촌,ㅈㅈ,3
맘맘테이블,맛있는데 매장이 겁나 더움,3
맘맘테이블,맛있어요,3
맘맘테이블,맛있고 빠르게 나와서 점심시간에 자주 가는 곳 중 한 군데입니다. 그런데 종업원분이 자리 안내를 너무 비효율적으로 해주시네요. 4명이서 방문했는데 테이블 붙여서 4명이 충분히 앉을 수 있는데도 저희 뒤에 대기하던 2명 먼저 자리 안내했습니다. 바쁜 점심시간에요. 이런 점만 빼면 아주 좋아요.,3
맘맘테이블,좋아요,3
청화원,주문을 하고 앉아있는데 테이블위치가 조금 바람이 많이 불어서 자리이동 하겠다고 말씀드렸더니 무슨 이미 주문이 들어갔고? 영주증에 테이블번호 적혀있고?? 그럼 영수증에 테이블번호를 바꿔야 한다며 안된다는 늬앙스로 짜증을 내는거에요…. 진짜 무슨 이런 경우가 다 있나요… 맨처음 앉은자리에 반찬이나 이런것들이 셋팅되서 번거로운 상황도 아니었고 빈접시와 물밖에 없던 상태였는데.. 음식도 가격만큼은 맛있지 않아요.,1
청화원,"이전에 방문 했을 때 꿔바로우가 너무 맛있었던 기억이 있어 재방문했습니다. 그런데 요리사분께서 바뀐건지 맛이 아예 달라졌더군요. 묘한 치즈냄새가 나는데다 튀김이 매우 딱딱하고 고기는 매우 얇 았습니다. 아주 딱딱한 찹쌀 튀김을 먹는 기분이었습니다. 더불어 청결 상태가 좋지 않아 깨끗한 수저를 찾는데도 애를 먹었습니다. 많은 쇠수저, 그릇, 컵에 음식물 방울?이나 물티슈로 지워지는 얼룩 같은 것들이 닦이지 못한채 굳어 있었습니다. 다음에 다시 방문하지는 않을 것 같습니다.",1
청화원,오늘 다녀왔습니다 겨울 처음 오픈할 때는 양도만 하지 마! 지금은 고수도 안주세요.. 면 양도 적어졌습니다 예전에 고기가 다섯 초 가기었는데… 지금 3조각이에요 처음과 지금은 양이 너무 많이 차이나서 더 이상 가고 싶진 않네요 제 손님이 많아서 그러는지 양심적으로 장사를 안 하네요,1
청화원,어우 짜...,1
청화원,#신촌점심추천 #우육도삭면,1
청화원,"맛이 없어요. 신문에 코로나 여파에도 매출 급상승한 식당이라고 해서 매번 지나만 가다가 여자친구랑 가서 대표 메뉴라는 것들 먹어봤는데 우육면 깊은맛도 없이 슴슴하고, 새우 아스파라거스는 그냥 딱 7천원짜리 맛에 평범한 딤섬에 미치지 못하는 맛, 꿔바로우는 너무 달고 자극적이고 고기는 그닥 느껴지지 않던 실망스러운 맛이었습니다. 그렇다고 직원분이 친절했던 것도 아니고, 내세울 거라고는 위치와 저렴한 가격 정도인데, 맛에 비하면 가격도 그냥저냥.. 다시는 안 가려고 합니다.",2
청화원,직원이 대만사람인지 서비스 정신이 없음,2
청화원,짜더라,2
청화원,딤섬이랑 우육면은 맛잇어요 어향육슬덮밥을 시켰는데 너무 달아서 못먹었어요 직원분들은 친절해요 나중엔 딤섬만 먹으러가야 겠어요,2
청화원,맛있었어요,3
청화원,꿔바로우는 딱딱하고 식초향이 너무 강해서 헛기침이 날 정도였고 도삭면과 탕면은 그냥 먹을만했다 다음엔 탕이 좀 더 낫겠다 싶음,3
청화원,별로였어요,3
청화원,줄 서는 이유는 저렴한 볶음밥 때문인지 도삭면도 요리메뉴 (소고기 장조림)도 그다지 맛있지 않았어요. 향신료도 아쉽고 요리 소스도 아쉽습니다. 재방문 의사 없습니다.,3
청화원,면과 소스가 따로논다,3
청화원,맛이 좋아서 자주 가는편인데 직원들이 좀 불친절한느낌이 있어요,3
청화원,땅콩 짭 짤하니 맛있음,3
청화원,"대만, 중국 주재원 시절 먹었던 음식들을 조금은 느낄 수 있는 곳",3
청화원,볶음밥이 짠편,3
청화원,맛있어요,3
청화원,수주어편 넘 맛있어요! 근데 상큼냉채는..설탕이 씹힐정도로 엄청 달아요.. 담엔 수주어편만 먹으려고요,3
청화원,타이베이 고량주?,3
청화원,5,3
청화원,어향가지덮밥이 맛이 없었어요..,3
청화원,만두가 맛있어요 우육탕은... 칠리새우는 새우는 탱글한데 튀김옷이 너무 두꺼워서 아쉽습니다,3
청화원,가격대비 무난한 맛입니다 인테리어가 예쁘고 직원분들이 빠르고 친절합니다!,3
청화원,가성비굿,3
셀리스도넛,인스타그램에서 요즘 많이 보여서 6시 30분정도 방문했습니다. 4개에 만원이어서 가격은 괜찮아보이나 맛은 던* 도넛보다 아주 약간 앞서는 정도여서 가성비는 좋지 않은것같네요. 낮시간에 제가격 주고 사먹었으면 돈이 아까웠을 것 같습니다.,2
셀리스도넛,"그냥그래요,,오래된 기름맛이 너무 강해요ㅠ",2
셀리스도넛,유명한 것에 비해 맛없음,3
셀리스도넛,친절하시고 가게도 예뻐요 그런데 맛이...ㅎ 갠적으로 50점..조금 밑..,3
셀리스도넛,한번은 사먹을 만한 곳인 것 같습니다,3
화로상회 신촌점,"맛은 있었는데 가게 측 결제 잘못이라 다시 전화했더니 ""빨리도 전화하시네요?""이래서 기분이 팍상했어요",2
화로상회 신촌점,분위기나 위생은 괜찮은거 같은데 자리가 너무 좁고 고기는 간이 안되어 있어서 아쉬웠습니다,2
화로상회 신촌점,좋아요,3
콩불 신촌점,콩나물밖에 없음,1
콩불 신촌점,날파리가 많아요..,3
콩불 신촌점,맛있네요 밥이 좀 적음,3
야바이,조금 더웠어요 해산물 양이 코딱지만큼 이었어요,1
야바이,"예약자를 우선하는 건 알겠는데 그럼 그 시간대가 전부 예약이 됐으면 안내를 하든가, 예약 없이 오는 사람들을 받질 말든가 하시면 좋겠네요. 근 두 시간 기다리다 물어보니 예약자가 안 오면?? 들어가는 시스템이라는... 황당한;;; 대답만.. 그런 걸 예약이 다 찼다고 하지 않나요??;; 알바들도 바쁘니까 사람 뻔히 세워두고 서로 모른척만 하네요ㅎㅎ 환기 안 되는 거야 예전부터 그랬다지만 요즘은 더 심해진 건지 눈이 맵네요",1
야바이,처음에 갔다가 예약 안해서 못먹고 분위기도 좋아 보이고 리뷰도 좋아서 기대하며 예약하고 방문했는데 음식은 그닥 맛있지도 않고 직원분들이 말만 친절하게 하고 표정이나 행동은 전혀 그렇지 않아 실망이네요 기린맥주 먹으러갔는데 기계고장이라고 먹지도 못하는데 죄송하단말 하나없고 사장님은 음식 만드느라 정신없고 대실망이였네요,1
야바이,솔직히 몬자야끼는 서울에서 유일하게 파는곳이라 가고 맛있어요 근데 예약확정부터 답답했어요.. 토요일예약 걸어두고 평일에 확정 안되길래 전화하니 자정지나면 된다더니 다음날도 안되서 동생이 전 화해보니 토요일예약은 또 전날확정된다고.. 그럼 첫전화때예약요일 탐색이라도 하시고 말씀해주시지.. 무튼 방문햇을땐 알아서 메뉴판을 주지도 않고 음식제조도 자리에 재료만 가져다두고 한참 냅두 시길래 말해야 해주고 직원들끼리 소통안되는거같더라구요 분명 첫주문시 맥주 한잔만 먼저달라햇는데 안나오길래 말하니까 두잔 들고오고.. 좀 답답했어요.. 음식 나오는 속도는 특성상 늦는다 ...,1
야바이,코로나때문인지ㅠㅠ 예약한게 무색할정도로 사람이 전혀 없어서 민망..ㅎㅎ 가게 빌린줄ㅋ 몇년 전에 즐겨 찾던 곳이라 그 맛이 그리워서 방문했는데 ...... 오픈시간 첫 손님으로 갔는데 테이블에 말라 비틀어진 야끼소바 조각이 있어서 먹기 전부터 살짝 비위가 상했음... 오꼬노미야끼는 역시 맛있었지만 야끼소바는 면도 너무 불어서 나오고.. 양배추가 뭐 거의 없어서 깜놀 심지어 손질도 안된 큼지막 한 양배추들... 데려간 친구에게 엄청 칭찬한게 뻘쭘했음 이제 별로 그리워하지 않을 듯 추억의 맛집 잃은 느낌,1
야바이,몬자야끼랑 오코노미야끼 먹었는데 생각보다 그저 그랬어요. 처음 조리할때 좀 뒤로 물러나라 할게 아니고 앞치마를 준비해 주시는게 좋을거 같아요. 서빙하시는분은 모르겠고 계산하시는 분은 친절하 시더라구요. 재방문의사는 없습니다.,1
야바이,4명갔는데 일단 2인분 시켰더니 이상한 눈짓을 주시네요~ 처음 가는 거라 잘 몰라서 일단은 시킨건데 1인 1인분 권장이지 강제 아니잖아요. 그래도 4인분 시켜먹고 나왔어요 맛은 보장! 많이 먹으면 느끼해여,1
야바이,"5번쨰 방문인데요,오늘 방문은 정말 실망입니다. 1.착석하자마자 불판에서 엄청난 비린내가 올라옴 2.오꼬노미야끼 안에 양배추가 거의 안 익음 3.돼지오꼬 2개(9천*2)+치즈사리1개(2천)+오믈렛 소 바1개(1만1500원) 시켰는데 집에가서 결제금액 보니 31500이 아닌 32500원 나왔네요.귀찮아서 연락 안했지만,계산도 똑바로 안 된거같아요ㅠㅠ 그 불판에 비린내가 계속 올라오다보니 당연히 음식 맛도 떨어졌습니다. 이 부분은 신경써주심 좋을거같아요.",1
야바이,만드는사람이 처음이었는지 반죽 다지는것도 안하고.. 고기 따로익혀서 다져서올려야되는데 안익은고기 반죽위에 걍 올려버림.. ㅋㅋㅋ 나중에 다른 직원이 와서 수습하고ㅋㅋㅋ 이미 고기 누린내는 다 벴고요? 그냥 조용히하고 빼던가 신입 직원 불러세워서 자기가 어떻게 했는지 보라는건.. 잘못 만든 음식이라는거 티내는거밖에 더됨? 아직 서투른 직원 현장에 투입시키면서 봐주지도 않고하면 그게 철 판요리 전문점인가 ㅋㅋㅋ 어처구니없어서 ... 맛도 저번주랑 너무 다르고 여러모로 기분 더러운 식사시간이었음.. 신입직원 가르칠때는 돈주고 팔아먹는 실전이아니라 따로 시간을 내셔야죠.. 저...,1
야바이,진짜 별로였던... 일본에서 먹었던 맛른 둘째치고 집에서 만들어 먹은 것보다 맛이 떨어지는 그냥 소스 빨 오코노미야끼.. 그래도 오코노미야끼는 괜찮았는데 몬자야끼는 충격 그 자체였다. 불 조절 잘못하신건지 가운데부터 새까맣게 타는데 빨리빨리 안드셔서 그런거라고 몬자야끼는 태워먹는 음식이라고 설명하시는 거 보고 기함함... 인생 그렇게 빨리 완벽하게 타는 거 처음봤음ㅋㅌㅋㅌㅋㅋㅋㅋ 철판이 안좋은건지..,1
야바이,직원이 만들다가 훅 가버려서 베이컨 내가 뒤집었는데 다시온 여직원이 다탔는데 탄거 아니라고 우기고 다시 해요? 따지는데 직원 교육 똑바로 시키세요 애들 마인드가 쓰레기ㅡㅡ 비오는날 예약해서 찾아갔더니 서비스 욕나옴 가지마요 맛도 그닥,1
야바이,"바쁘신건지 원래는 도너츠모양으로 만들고 가운데 반죽부어서 익혀서 토핑이랑 섞는건데 양배추넣고 볶다가 그냥 반죽넣고 섞어서 뭐라그래야지..몬자야끼 특유의 그 떡?죽같은 느낌이라고 해야하나 그런 느낌이 없었어요. 일본에서 먹을 때도 여쭤봤는네 이렇게 익혀야지 그 특유의 식감이 산다고 그랬었거든요, 가게 직원분이. 그래서 아무리 익혀도 질척질척해서 퍼지지도 않고 심지어 제일 끝 쪽은 불도 없어서 한 쪽 다먹은다음에 반죽 옮겨서 익혀먹을 정도로 불이 없었어요 ^.^ 제가 손가락으로 만져도 데이지 않을 정도니 얼마나 약했는지 짐작하시겠죠..직원 분께 여쭤봤더니 원래 불이 없...",1
야바이,야바이를 여러번 방문하고 다른 사람들한테 추천할 정도로 좋아했던 곳이었는데 이번에 방문하고 너무 실망했네요. 일하시는 직원분 서비스 태도도 마음에 안들고 음식 만드는데 자기 기분나쁜 티 팍팍 내면서 테이블 지저분하게 만들고 가버리는데 그냥 나오려다 참았네요. 몬쟈야끼 만드는데 튈 수 있으니 조심하라는 말도 없이 팍팍 놔서 팔에 다 튀겼구요. 숟가락이랑 하나도 그냥 던져놓고 가버리고 뭐하는 짓인가요? 예전에도 그리 친절한 편은 아니라는걸 느꼈어도 이정도는 아니었던 것 같은데 이번엔 정말 최악에 실망 그 자체였습니다. 손님이랑 기싸움 하는것도 아니고 뭐하는 짓인지 모...,1
야바이,최악의 위생,1
야바이,약간 매장이 시끄러웠습니다,2
야바이,예약을 했는데 20분정도 늦게가서ㅜㅜ 미리 연락하거나 오는전활 받았어야 했는데.. 그래서 한30분 기다려야했어요 ㅠㅠ 예약하고도 기다려서 속상했지만 제 불찰이니 ㅠㅠ 이날 생생정보통 촬영왔 더라구요 일단 오꼬노미야끼랑 몬자야끼 시켰는데 뭐라는 설명도 없고 몬자야끼를 먼저해주심 철판에 엄청 칼처럼 찍어대며 요란한 쇼맨쉽 근데 그게 오꼬노미야낀줄 알고.. 맛은 진짜 별로였어여 김치 전이나 전 반죽 생으로 먹는느낌... 이게 눌려붙여서 긁어먹는데 영... 근데 알고보니 이게 몬자야끼... 후에 해주는 오꼬노미야끼는 진짜 맛있었어요 맥주랑 찰떡 근데 여기가 넘 낮아요 화장실도 ...,2
야바이,제 입맛에는 별로였어요 ㅠ 숙주 향이 너무 강해서 다른 재료맛이 나질 않았어요 소스랑 숙주맛만 남,2
야바이,저번에예약안하고 가서 기다리다가 포기하고 예약하고 다시 간거였는데 솔직히 저는 그정도 기다려서 먹을 정도는 아니였네요~양도 적고 야끼소바는 면보다 숙주가 대부분인듯...넘 배고파서 맛있게는 먹고왔어여 양이 적어서 둘이서 메뉴3개 시켜먹었어요 음식 조리시간이 길어서 웨이팅이 긴거같아요 웨이팅이 너무 길어서 두번은 안갈듯요,2
야바이,오코노미야키 말고 그 무슨 미음으로 시작하는 메뉴는 직원이 구워주지않고 내가 알아서 타지않게 신경쓰고 긁어내야하는게 매우 불편했다,2
야바이,맛있습니다 그러고 가게 분위기도 좋아요 하지만 음식이 너무 늦게 나옵니다 메뉴당 20~30분 정도? 양이 가격에 비해 적다고 느꼈고 서빙하시는 남자분들이 친절하다고는 못느꼈습니다 아쉬움이 많이 남았지만 맛은 괜찮았어요,2
야바이,바퀴벌레 봤네요... 의자 안에서... 화장실도 별로였고... 몇 번 들렀었지만 이번엔 정말 위생상태 별로였어요... 그 때도 참았던거 같은데 그 발 많이 달린 검은색 친구 때문에 재방문 의사가 떨어졌어요...,2
야바이,마를 넣는다고 홍보? 방송?해놓고능 막상 가서 물어보니 마는 들어가지 않는다고 해서 당황스러웠습니다 그리고 몬자야끼는 너무 달았어요,2
야바이,좋앗습ㄴ다,2
야바이,기대한것보다 별로 ㅠ,2
야바이,"맛은 있어요! 근데 테이블에 있는 철판에서 만들어주시는거라 더운 건 감안하셔야 해요.근데 테이블상태나 바닥상태나 위생이 아쉬워요... 테이블닦던 행주로 철판 닦는 거 보고 깜짝 놀랐어요.테이블도 끈적끈적 기름때가 많았어요.그리고 여자직원분 불친절하시구요,,, 다시 방문할지는 잘 모르겠네요..",3
야바이,가성비는 그저 그렇지만 정말 맛있어요. 인테리어가 진짜 일본식이라 멋져요.,3
야바이,"오꼬노미야끼는 엄청 맛있지만, 예약을 했지만 대기도 있었고 직원들이 무관심해서 조금 아쉬웠습니다",3
야바이,일본에서 먹는 느낌 환풍기가 따로 없어서 연기가 몰려서 좀 힘들고 계단이랑 식탁이 기름기때문에 끈적거림 청소가 좀 덜 된듯 맛은 있었으나 오코노미야키를 자리에서 안만들어주고 만들어서 나와서 볼거리가 적고 가격대비 작은 사이즈라서 2차로 가볍게 즐기는 정도로 추천 배채우려고 가려면 메뉴 많이 시켜야할듯 하이볼이 너무 달고 별로 사와도 그냥 사이다같은 알콜맛이 하나도 안남,3
야바이,분위기나 이런건 좋았습니다. 예약하고 가니 대기도 없이 들어갈 수 있었던 점도 좋았구요(오후 6시 반 예약했었어요) 그런데 생각보다는 조금 느끼한 감이 있었고 양배추나 이런 채소들의 식감도 잘 안느껴져서 조금은 아쉬웠네요.,3
야바이,직원분들은 친절한데 메뉴들 맛이 다 비슷하니까 금방 질리고 하이볼이 맛 없어요 ㅠㅠ,3
야바이,예약필수. 안하니까 한시간 반 기다립니다.,3
야바이,일본에서 먹던게 생각나서 제일 유명한곳으로 찾아갔지만 비싼돈 주고 먹을 만큼은 아니었습니다 기본적인 맛 보다도 해산물이나 고기같은 재료가 너무 적게 들어갑니다...그래도 예약은 하고가서 금방 들어가긴했네요.,3
야바이,몬자야끼는 맛있었으나 다른메뉴는 다소 실망스러웠어요 다양한 일본식 술이 있어 여자분들에게 강추 다만 청결도가 매우 아쉬웠음,3
야바이,"예약하고 가서 기다리지 않아서 좋았고, 맛도 무난하게 다 맛있었으나 시원하고 맛있는 생맥을 기대하고 갔는데 .. 기린이랑 클라우드 둘다 맛이 없었어요 ㅠ ㅠ 또한 서버분이 친절하시고 좋지만 너무 바뻐서 주문하기 죄송할정도 였고 지하다 보니 통풍이 잘안되서 그런지 손님들이 몰린뒤에는 공기가 너무 탁하고 냄새가 너무 많이나요",3
야바이,서비스가 이전에 방문했을때랑 비교해서 별로라 좀 당황스러웠네요.. 사람이 항상 많아서 일찌감치 예약을 하고 갔는데 예약된 자리가 너무 별로라서 기분이 좋지는 않았지만 알바생분이 새로오셨는지 철판을 다루시는게 그렇게 능숙해보이지는 않으셨어요.. 새우도 테이블에 다 떨어뜨리시고ㅎㅎ.. 학생때부터 자주가던 식당인데 좀 그렇네요ㅠ 맛은 괜찮습니다,3
야바이,ㅇ,3
야바이,그냥 먹을만 합니다 생각보다 양배추가 대분은 식재료이네요,3
야바이,굿,3
야바이,맛은있지만 술집이라 그런지 좀 더러운 느낌이 나고..지하라서 공기가 탁하고 숨이 막히는 기분? 직원분들은 친절하셨으나 해산물이 싱싱해보이지않았고 들어가는 토핑양도 너무 적었어요 믹스오꼬노미야끼 하나시켯을때 오징어 몇조각과 새우하나를 다져서 넣어주시더라구요 ;;가격 11000원에....흠..적당한 걸까요 과연..,3
야바이,오코노미야끼가 구워 나와서 아쉬웠어요,3
야바이,음식은 먹을만 했습니다. 근데 아무래도 지하라 그런지 날파리가 날라다녀서 조금 불편했내요. 솔직히 다시 방문할지는 몰겠내요,3
야바이,환기가 안돼서 눈이 너무 아프고 답답합니다. 오픈하고 15분만에 가서 지하층에만 사람이 있었는데 너무 오래걸렸고요. 몬자야끼 맛이 그냥 그래서 왜 한국에 오코노미야끼만 인기있는지 알것 같았습니 다. 이 집에서는 몬자야끼 야끼소바 오코노미야끼를 1종씻 시켰는데 야끼소바만 맛있었고 나머진 다 별로였어요.,3
야바이,몬자야끼는 아주 맛있었어요 근데 오코노미야끼는 맛은 있으나 평범한 정도였어요. (둘다 양은 적네요),3
야바이,가성비 괜찮음. 다소 시끄러움. 연인끼리 가면 나을듯. 남자끼리 가서 폭망,3
야바이,맛도 좋고 분위기도 좋은데 환기가 좀 아쉬웠어요 ㅠㅠ,3
야바이,직원도 친절했고 맛도 있었어요!,3
꾼낚시카페 홍대신촌점,"카운터에 계신 사장님은 친절하셨는데 설명해주시는 직원분이 굉장히 매너없었어요 젊은 커플들한테는 오자마자 반말하고, 일하기 귀찮으신지 계속 툴툴거리시고 불친절하시더라구요. 실내낚시장에는 심지어 죽은물고기 한마리가 둥둥떠다니는데 바쁘셔서 그런지 관리못하시더라구요... 하필 제가 방문한날만 그런건지는 몰라도 무척 실망이었습니다. 1kg짜리 대물낚아서 기분좋았지만 서비스때문에 아쉬웠습니다.",1
꾼낚시카페 홍대신촌점,굿,3
꾼낚시카페 홍대신촌점,굿,3
꾼낚시카페 홍대신촌점,재미는있었는데 순위권에 올라간거 이미 계산하고 시간 끝나서 인정안해준다한게 좀 어이없었어요,3
꾼낚시카페 홍대신촌점,낚시하는 방법만 알려주고 고기 체중 재는 기계 옆 버튼 사용 법등은 안 알려줘서 한참 후에나 게임에 참여했네요.그다지 바빠 보이지도 않던데 첨 하는 사람에겐 전체적으로 설명 좀 잘 해 쥤으면 좋겠어요,3
신촌고기창고,고기는 맛있는데 서빙하시는 분들이랑 알바들 넘 정신없어요. 고기를 구우려면 다 구워주든가 아님 아예 말든가...굽다가 사라지고 기다리고있으면 제일 짬 높아보이는 여사님은 고기 뒤집으라고 채근하 시고. 뭐 어쩌라는거??? 6명이서 갔는데 6인분 시키고 뭔가 고기 더 시키라는 식으로 눈치주심. 17만원쓰고 왔는데 기억에 남는 반찬은 없음 그냥 무난... 고기 질은 좋았음. 중간에 사장님(?)으로 보 이는 남자분이서 홀에 나오셨는데 그분만 친절하심 알바들은 무난 홀 여사님은(머리 하나로묶고 안경쓰고 문앞에서 사람지나가는거 호객하려고 계속 보시는 분 있음)최악임 고기 먹으면서 눈치...,1
신촌고기창고,"삼겹살을 맛있게 구워쥬셔서 잘먹었습니다. 반찬도 원낙 깔끔했구요 허나,사장님의 태도나 직원들의 서빙하는게 빵점이였어요. 저히가 삼겹살을 다 먹고난 뒤에 갈려고한참에 된장찌게가 나와서 넘 놀랬고, 외국인친구들에게 한국인들의 정석 이미지로써 너무 태도가 불성실하다는 생각이 들었네요ㅡㅡ;;다른분들에겐 이런것을 안하길바라며 나중엔 방문하길 꺼려지네요 된장찌개에 어떤향신료가 들어간건지 모르지만 너무 짜고매워서 못먹을정도였어요ㅠ 앞으론 맛보단 사장님께서 직원교육에 신경써서 임해쥬세요",1
신촌고기창고,일단 예약하고 갔는데 4인이상 고기 1인분서비스 있어요 그런데 말씀드려야 챙겨주시고 아..1인분이 양이 이렇게 적구나 싶었어요 고기는 괜찮은데 뭔가 풍족하지않고 서빙하시는분들이 자꾸 불을 빼 려고 더시키라하셔서 좀 불편했어요..,1
신촌고기창고,"평이좋아서 방문했어요 반찬은 괜찮은데 결정적으로 고기가 맛이없네요 일부러 13,000원짜리 시켰는데 육즙이없고 퍽퍽하고 별롭니다.. 이모님도 오셔서 고기맛있죠? 더시켜먹어요 그러시고~ 재방문 의사 없습니다.",2
신촌고기창고,"신촌의 정육점 같은 조명을 하고 있은 집입니다 조명 덕분에 눈이 가서 들어갔더니 거기가 아닌 2층으로 올라가라더군요... 이동 중에 바닥에서 미끄러질뻔했습니다. 바닥에 고기 기름이 두껍게 깔린듯 한 그때 나갔어야 했나봅니다 2층은 좁은공간에 사람들 소리와 일하시는 이모님이... 사람들 소리보다 더 큰 목소리로 주문을 외치시고, 그걸보며 웃기 바쁜 중국인 알바생 남녀분.. 산만하고 시끄럽고. .. 개인적으로 다시는 인테리어만 보고 속아서 선택하지말자! 고 다짐해 봅니다",2
신촌고기창고,음료 서비스 준다고 하는데 안 주네요...,2
신촌고기창고,"고기맛 , 서비스 둘 다 쏘쏘",2
신촌고기창고,맛이 없는 건 아닌데 가격에 비해 고기 양이 적게 느껴진다. 명이나물은 무한리필이 되기에 별 2개. 마음의 소리로는 별 1개짜리 추천.,2
신촌고기창고,정신 없어요..,2
신촌고기창고,명품삼겹만 맛있고 통통삼겹은 별로입니댜 ㅎㅎ양적고 비싸긴해요.,3
신촌고기창고,친절하고 좋았어요 맛있었고,3
신촌고기창고,1. 고기는 확실히 맛있습니다. 저는 갈비?? 뼈 붙어있는 삼겹살 같은거 먹었어요. 고기 맛은 맛있어요. 2. 고기 굽는데 기름이 엄청 튑니다. 제 생각은 불판의 문제인거 같음. 아무리 삼겹살이라도 이렇게 튀는 곳은 잘 보지 못함. 3. 직원 분들이 친절하지 않습니다. 고기를 구워 줄거면 구워주지 어떤 테이블은 초시계 소리가 나면 바로 가서 구워주고 어떤 테이블은 안구워주고 초시계 소리는 계속 삑삑 나 는데 테이블에 안오는 거 보면 직원들이 눈치보면서 일하는거 강은 느낌을 받았습니다. 별로 마음에 들지는 않았어요. 엄청 눈코뜰새 없이 바쁜 거 처럼은 안보였는데(다른 거 때문에 바빴을 수...,3
신촌고기창고,구워주시길래 믿고 있었는데 홀랑 태워먹었어요,3
신촌고기창고,좋아요,3
신촌고기창고,굿,3
신촌고기창고,맛은 진짜 흠잡을 거 없어요 근데 모자쓰고 안경쓰신 아주머니 늘 가서 뵐 때마다 불친절해요. 1-2천원 밥 먹는 것도 아니고 제가 불친하게 군 것도 아닌데 그러실 필요 있나요? 맛있다고 신촌 놀러온 지인들 데리고 가면 진짜 고기 맛은 훌륭하다 그러는데 서비스는 별로입니다,3
신촌고기창고,맛은 괜찮은데 그릇에 뭐 묻어있고 더러웠어요,3
신촌고기창고,좋아요,3
신촌고기창고,고기 맛있었어요! 근데.... 4인이상 이벤트로 만원 상품권을 못받았는데 어떻게 받는건가요?,3
신촌고기창고,적당했음,3
신촌고기창고,맛있는데 외국인 여자직원이 매우 불친절함,3
신촌고기창고,"예약하고간거에 비해 자리가 너무 협소했어요. 테이블도 좁고 앉은 자리도 뒷쪽에 앉은분이랑 닿을정도였어요.(2층)ㅠㅠ 그래도 고기는 수입산도, 국내산도 맛있었고 사이드 야채들도 맛있었어요!",3
신촌고기창고,가격대비 맛은 괜찮은데 너무 시끄럽고 손님이 많아서 봉업원이 부족해보여요,3
신촌고기창고,고기는 맛있는데 매장이 조금 어수선해요~ ㅠ ㅠ,3
신촌고기창고,고기질이 좋네요 맛좋음,3
신촌고기창고,고기 맛잇어요 ㅎㅎ,3
벽제갈비 신촌점,소고기는 비싼만큼 맛있는데 냉면(식사)은 너무 부실해요 고기도 한점밖에 없고..ㅜ,2
벽제갈비 신촌점,양곰탕 맛이 계속 변하는거같네요. 식사하고있는데 일하시는분들이 주변에 계속 서성이면서 쳐다보는것도 불편해요.,3
도토리칼국수,평소 도토리로 만든 음식 좋아해요. 신촌쪽으로 검색하다 평점이 좋아 먹으러 갔어요. 실내는 넓고 친절도는 그냥임. 우리입맛에는 많이 짰지만 물마시며 먹었어요. 야채신선도 - 별로예요. 죽을 만들때 간이세니 좀 싱겁게 해달라고 부탁드렸는데 ...... 죽도 짰어요. 평점은 못믿겠어요ㅠㅠ,1
정육면체,깨부수면은 양호하나 초유린기는 특색이 없고 우육탕면도 최악임,1
정육면체,두번째 방문인데 백탕에서 머리카락 나왔네요 백탕만 환불 받고 계산은 하고 나왔는데... 한창 먹던 중에 국물에 절여있는 머리카락 나온거라 비위 상해서 별로였네요 미슐랭이라 믿고 재방문했는데 위 생 상태에서 실망했습니다,1
정육면체,생각보다 평범,1
정육면체,평범한 맛,1
정육면체,"신촌 지역의 식당이 워낙 별로라, 그중 괜찮은 식당인 것은 맞지만 미슐렝 급은 아닙니다. 친절도는 낮은 편이며 장소가 협소하여 가방을 뒤에 쌓아 놓고 먹어야 합니다. 이정도 시설과 서비스로 어떻게 미슐렝 1스타인지 모르겠습니다. 음식은 대만 가정식 스타일인데, 담백한 편이나 편하게 식사하기 어려운 분위기 입니다.",1
정육면체,쓰레기,1
정육면체,미슐랭이라고해서 너무 기대를 많이했네요 가격은 착한편이나 ... 그래도 맛있긴 맛있지만 엄청까지는 아니고 그냥 먹을만하네 맛있네정도... 쌀국수맛이 살짝나고~~ 고기는 기름기가없는편이었으나 전 기름기많고 부드러운게좋음 기름기너무없으면 질겨서... 그리고 손님이 식사할때는 식사하는 테이블라인에서 랩으로 식기 통 감싸고 그러지좀마세요 밥먹는데 테이블 쾅쾅거리고 테이블흔들리고 그런 랩핑 작업은 손님 테이블라인에서 하면안되죠 밥먹는데 쾅 ... 쳐다봤는데 눈마주쳐도 죄송하단말한마디안하고 그게뭡니까 여자 직원분 사과하셨어야죠,1
정육면체,직원이 싸가지가 없네요,1
정육면체,그릇이 미끌미끌 ㅠ,2
정육면체,ㅜㅠ저 너무 기대하고 먹었나봐여.. 저한테는 너무 느끼해서 먹다가 남기고 나왔어요… 처음은 맛있게 먹다가 느끼하고 물려서.. ㅜ 아쉽네요,2
정육면체,진짜 좋아하는 곳인데 가격 오르면서 면추가도 안되는걸로 바꼈네요 ㅠ 비싸도 그게 메리트여서 자주 왔었는데 아쉬워요.,2
정육면체,유명하다기에 일부러 찾아가봄 우육탕은 특으로 시키니 세상 성의없는 고기만 많고 시그니처라는 깨거시기도 첫술만 고소하고 물림 유린기도 쏘쏘 전반적으로 대만 공항서 파는 음식 수준인듯 나도 타이어는 미쉐린 쓰지만 한국 가이드나 빕구르망은 거르는걸로 맘먹게 해줌,2
정육면체,"음식이 매우 맛있고 2인 기준 홍탕+초유린기+깨부수면의 조화가 정말 좋아서 홀 직원의 고객 응대만 조금 나아지면 좋겠습니다. 제가 방문했을 때, 맛집답게 11시쯤이지만 웨이팅이 한 팀 있었습니다. 비오는 날이라서 우산을 접어두고 앞사람 뒤에 기다리다가 앞사람을 안내하기 위해 종업원이 와서야 메뉴판을 받았습니다. 10분정도 기다린 후 들어갔는데 저희 테이블에 앞사람이 남기고 간 그릇이 있 었습니다. 그것도 쌓여진채로요. 그리고 저희가 시킨 음식이 나올 때 그릇을 들고가서 조금 불쾌했습니다. 그리고 옆테이블에서는 종업원이 어떤 메뉴를 중복으로 결제를 하고, 테이블을 정리할...",2
정육면체,기대를 많이해서 그런가 특별한맛은 못 느낌,2
정육면체,맛이 없는건 아니지만 줄서서 먹을 정도는 아닙니다. 이정도 맛을 내거나 이상인 집들이 사실 수두룩해서..괜한 기대를 가지고 갔나봅니다. 우육면 고기는 얇은데 질기고 깨부수면은 즈마장 그냥 들어간 비빔면이고 유린기는 그냥 흔한 유린기였습니다. 특별할게 하나도 없어요...,2
정육면체,신촌 맛집이라 찾아보고 갔지만... 바이럴 맛집이라고 생각합니다. 음식의 맛에 개성은 없고 면은 너무 오래 삶아 퍼져서 나옵니다. 그냥 만만하게 한끼 때우기 위한 매장이지 꼭 찾아가서 먹을 맛집은 아 니라고 생각합니다.,2
정육면체,기대했는데 실망스러워요 ㅜㅜ 음식온도도 중요하다고 생각하는데 유린기기 젤 맛잇어요,2
정육면체,줄을 서서먹을 정도는 아닙니다. 주말엔 오후3:30분 이후면 줄 안서도 될것 같습니다. 그냥 우육면입니다......,2
정육면체,국물 부족하고 양도 적습니다. 전반적으로 기대 이하예요.,2
정육면체,맛은 좋은데 직원서비스가 꽝,2
정육면체,음....?,2
정육면체,"불친절해서 1점이나, 밥을 공짜로 추가해줘서 1점을 더줬습니다",2
정육면체,그냥 음식점이에요! 백탕은 짜고 유린기는 새콤한데 간이 잘 맞지는 않는듯 하네요~ 양도 많지 않고 위생이나 서비스도 그럭저럭 입니다. 직원분들이 분위기 좋은건 좋은데 말이 좀 많으시고 시끄럽네요 . 문도 그냥 열어놓아서 찬 바람 다 들어오네요~ 기대했는데 실망입니다ㅠㅠ,2
정육면체,마파새우는 미지근하고 유린기의 닭살은 좀 흐드러지는 느낌이라 저는 별로고 특출한 느낌은 딱히 아니였습니다. 마파새우면이 미지근한건 면이 쉽게 불어서 차게 서빙을 하는 이유가 있답니다. 저는 별로였지만 다른분께는 맛있을 수도 있을것 같습니다. 어찌됬든 잘 먹고 갑니다~,2
정육면체,"맛은 한국식으로 바뀐 우육면입니다. 개인적으로 향과 맛이 강한 현지 스타일을 선호하는데, 그렇지 않아 아쉬웠습니다. 맛은 개인차가 있다고 하나, 이가 빠진 그릇에 음식이 나왔습니다. 먹다가 다칠 수도 있고, 음식을 테이블로 내리다가 베이거나 할 수도 있는데 기본이 되어 있지 않은 모습에 음식을 먹기 전부터 기분이 좋지 않았습니다. 그리고 음식을 추가로 주문할 때도 주방에 직원 분들이 계시지 않아 약 10분만 기다렸습니다. 그러나 그 동안에도 주방은 비워져 있어 제가 자리에서 일어나 직원을 찾아야 했습니다. 평균 식사 시간보다 살짝 이르게 갔지만 직원이 여러명인데 한 명도 주방 ...",2
정육면체,기름에 절여진 음식을 먹는듯했네요 다른 곳 마제소바는 참 좋아하는데.... 여긴 저랑 안맞는듯 합니다,2
정육면체,"별점 후기에 지난 주에 먹고 탈났다는 분도 있어서 갈까말까 고민했지만 다시 올 기회가 자주 없어서 우선은 가보기로 했습니다. 취향은 다 다른 것이고 호불호는 당연히 있기 마련인데...리뷰 시스템이 이러니 어쩔수가 없네요. 빨리 별점 시스템이 사라졌으면 좋겠습니다. 저는 개인적으로 꾸덕한 면의 식감이 와 닿지 않았습니다. 면요리 정말 좋아하는데 이런 식감은 처음입니다. 탕의 맛 자체는 좋고 고수 추가해달라고 요청할 수 있습니다. 다만 역시 면과 조화롭게 어울리지 않아서 국물만 먹었습니다. 일반 사이즈로 시켰는데 양지고기도 엄청 많이 들어있습니다. 닭튀김의 경우 소스, 튀김 맛...",3
정육면체,느끼해용 ㅠ딱히 특별한 맛은 아닌 거 같아요 개인적으론 안맞네여 ㅠ,3
정육면체,방문전 리뷰 중에 그릇 이가 나갔다는 평을 봤었는데 그래서 일까요 공교롭게도 제접시도 이가 나가있네요 :( 초유린기 닭가슴살 부드럽고 맛있었어요! 저는 대체적으로 이런종류의 음식을 너무나 너무 나 좋아합니다 그래서 대체적으로 맛있게 먹으려했습니다만 ㅠㅠ 마파새우면 첫맛이 살짝 .. 읭? 했었는데 결국 남편이랑 저 둘다 그뒤로 지금까지 화장실 왔다갔다 중입니다.. 주말부부라 공통적으로 먹 은 음식은 저녁식사 뿐이라 의심을 거둘수 없네요 ㅠㅠ 그래도 초유린기는 맛있었어요 특히 소스가 맛있었습니다,3
정육면체,솔직히 기대이하 그냥 무난해요 한시간 걸려서 방문예정이다 괜찮음 두시간 걸려서 방문예정이다 안 괜찮음 마라향 은은하게 나요 마라 매니아분들은 참고하시길 초유린기 특히 너무맛있어요 포장해서 집에서 맥주랑 먹으니 조합좋네요 신촌 갈일잇음 한번쯤 가볼만함,3
정육면체,"너무 기대를 하고 갔는지 깨부수면은 생각보다 너무 느끼했고 마파새우밥은 마라향이 너무 강해서 두 메뉴 다 먹진 못했어요,,, 남자친구랑 저랑 둘 다 속이 계속 니글거리고 안좋았어요😭",3
정육면체,"매장은 전체적으로 위생이 좋은 편은 아니네요. 식기류나 식탁상태 등.. 예민한 편이 아니라 넘길 수 있었어요 대표적인 메뉴를 먹어봤는데요!! 탄탄멘 느낌의 깨부수면.. 고소하니 느끼하니 잘 먹었어요 . 유린기는 가성비 매우 좋네요 ㅎㅎ 상큼하고 맛나요 양상추 더 많이 줬으면.. 근데 우육면을 먹은 남편의 표정이 굳어지기 시작했어요. 이유인즉슨, 면이 약간 상한 느낌을 받았다고 합니다. 첨엔 긴가민 가 했으나 먹는 내내 밀가루반죽이 조금 맛이 간거같다고 느꼈다고 하네요. (7월 11일 식사했던 분들중 느끼신분 있을 수도) 왜 먹는 중에 말 안했냐하니 싫은 소리 하기 싫어 그냥 먹었다고 하더...",3
정육면체,좋습니다.,3
만동제과,줄 서서 먹을 정도는 아닌,1
만동제과,"일요일 3시30분 마늘바게트 나오는 시간 선찬순 30명 예약을 받아서 예약 후 결제까지 하고 5시15분쯤 찾으러 갔다. 직원이 하는말 4시30분까지 안 와서 환불을 해 준단다. 당황스러웠다. 영수증을 보니 시간이 적혀 있더라 그런데 난 들은 적도 없었고, 영수증은 보지도 않았었다. 직원이 이야기를 했단다!! 난 금시초문이다. 왜? 이렇게 확신을 하지!! 바게트 찾으면서 더 주문을 하기 위해 이미 빵을 집어 들었기 때문에 다른 두가지 빵을 사 사지고 나왔다. 집에 와서 얼마나 맛이 있어서 이리 난리인가 먹어 보았다. 초코빵을 먹었다! 강하다!! 찐하다!! 줄까지 서서 먹을 만큼은 아닌거 같은데......",1
만동제과,마늘바게트를 사러 갔다가 없어서 어니언베이글도 유명하다기에 베이글 구매했는데 개인적으로는 그냥 크림치즈에 다진 양파만 들어갔으면 더 맛있었을 것 같아요. 생크림도 들어갔다고 하셨는데 달아서 전 개인적으로 별로였어요. 결국에 안에 크림 다 걷어내고 베이글만 먹었어요ㅠㅠ 단거 좋아하시는 분들은 좋아하실 것도 같은데 제 입맛에는 안 맞았던 것 같아서 아쉬워요.,1
만동제과,진짜 맘먹고 가는 만동제과 .포장해주실때 왜그렇게 종이봉투에 담아 똘똘 말아주시는지 집에와서보면 늘 어니언 크림 다텨져있고 카푸치도는 납작..,2
만동제과,빵 5개만 골랐는데 2만원이 넘는건 쫌 아니다싶어요 그리고 이해안가는게 무슨 대기줄이 갈때마다 길게 늘어서 있는데 그정도로 맛있는지 의문이에요,2
만동제과,마늘바게트 나온 시간에는 방문 안하시는게.. 마늘바게트를 안사도 줄을 서야 해서 기본이 20분이네요. 전에는 바게트 아니면 먼저 구매가 가능했는데..아쉬워요.,2
만동제과,카프치노 베이컨치아 초코빵 오징어먹물 중에 초코빵만 먹을만 했습니다. 오징의먹물은 크림이 너무 답니다. 나머지는 평범합니다.,2
만동제과,좋아요,3
만동제과,마늘바게트 없어서 다른빵 샀는데 아쉽네요ㅠ,3
만동제과,ㅋㅋ,3
만동제과,좋아요,3
만동제과,맛있어요,3
만동제과,좋와요,3
만동제과,마늘빵사러 두시에 도착했지만 줄서있다가 다 팔렸대서 못샀어요 ㅠㅠ 다른 빵들 샀는데 색다른 메뉴였어요^^,3
만동제과,좋아요,3
만동제과,"마늘바게트 못사서 넘 아쉽고, 다른 빵들 사왔는데 생각보다 빵들이 취향이 아니라 재방문은 안할 것 같아요. 그냥 동네에서 당질 높은 빵집 느낌.",3
만동제과,생각보다 별로예요,3
만동제과,가까운 곳에 살아서 가봤어요 30분 줄서고 유명한 빵 위주로 샀는데 저한테는 다 달아요 (단맛으로 먹는 빵만 골랐나..ㅠ) 달달한거 좋아하시는 분들이 가면 좋겠어요,3
만동제과,굿,3
만동제과,좋아요,3
만동제과,줄 서서 먹을 만큼 맛있는 맛은 아닌거 같아요. 너무 달고 질척거리고 마늘 맛도 별로 안나고.. 기대한 맛은 아니었어요..,3
만동제과,맛잇어요,3
만동제과,마늘바게뜨 더많이 만들어주세요 갔는데 못샀어요,3
만동제과,ㅋ,3
만동제과,너무맛있어요 시간 잘맞추어 가야해요 ㅠㅠ,3
만동제과,1시간웨이팅후 입장! 마늘바게트는 상상하는그맛! 맛있지만 쉽게 물리는 스타일!! 에멘탈치즈도 맛있고 다른빵도 맛있어요,3
만동제과,괜찮아요,3
만동제과,맛있어요,3
만동제과,주말에 갔다가 실패하고 평일 아침 10:30에 줄서서 7번째로 입성!! 욕심껏 인기빵 한개씩 골랐어요.. 마늘바게트 첫 맛은 맛있었는데 단 맛이 너무 많이 나기 시작하고 심지어 핫도그도 넘 달아서 소스는 전부 덜어내고 먹었습니다. 대체로 빵이 너무 달아요..그나마 양파베이글이 덜 달고 좋았어요.. 자주 먹다간 당뇨 올 듯.. 재방문 의사는 없습니다. 남은 빵 어찌해야 할지..ㅠㅠ,3
만동제과,좋아요,3
만동제과,제로페이 안되서 아쉽,3
만동제과,축축한 마늘바게트!,3
만동제과,맛있어요. 조금 비싸요,3
만동제과,바게트가 축축하도록 필링에 가득 젖어있어요. 엄청 달고 기름진 맛이에요. 한두조각 먹으면 쉬었다 먹어야 하는맛 ㅋㅋㅋㅋㅋ 한번먹음 한동안 생각안나는데 다시 찾아가게 되는곳이네요.,3
나이스샤워,맛있어요~,3
나이스샤워,사장님이 바쁘세요..!양이 많고 맛있습니당,3
나이스샤워,그냥 so so 무난합니다,3
나이스샤워,사장님 친절 튀김이 좀 더 바삭했으면 더 좋았을텐데 혼밥하기 좋음,3
나이스샤워,튀김이 바삭해요.,3
유닭스토리 닭한마리 신촌점,벨을 눌러도 주문을 받으러 안오시고 직접 불렀더니 멀리서 메뉴만 말하라고하심.. 냄비에 불도 안켜고 그냥 훅가버리고ㅜㅜ 그리고 배민배달접수완료 소리가 가게전체에 울려퍼져서 너무 정신없음,1
유닭스토리 닭한마리 신촌점,1점도 아깝다 맛집이라서 불친절한가... 밥그릇 반찬 뭐 나올때마다 그릇 던지듯이줌 .. 닭한마리 2인 시켰는데 닭반마리..나오면 왜 2만2천 받냐,1
유닭스토리 닭한마리 신촌점,닭에서 냄새나유 ㅠ ㅠ,2
유닭스토리 닭한마리 신촌점,맛도 평범 직원 불친절 재방문 의사 없음,2
유닭스토리 닭한마리 신촌점,맛있어요,3
유닭스토리 닭한마리 신촌점,맛있어요,3
유닭스토리 닭한마리 신촌점,좋아요,3
유닭스토리 닭한마리 신촌점,기대가 큰만큼 아쉬웠어요..,3
유닭스토리 닭한마리 신촌점,그냥그래요..,3
유닭스토리 닭한마리 신촌점,그냥 그런데 초계국수는 맛있어요,3
유닭스토리 닭한마리 신촌점,맛집까진 아니고 그냥 먹을만함.,3
유닭스토리 닭한마리 신촌점,좋아요,3
유닭스토리 닭한마리 신촌점,맛있어요,3
유닭스토리 닭한마리 신촌점,조아요,3
유닭스토리 닭한마리 신촌점,굿,3
유닭스토리 닭한마리 신촌점,맛있어요!,3
유닭스토리 닭한마리 신촌점,맛은 있는데 가격대비로는 살짝 아쉽네요,3
유닭스토리 닭한마리 신촌점,맛있어요!,3
유닭스토리 닭한마리 신촌점,맛나요,3
유닭스토리 닭한마리 신촌점,신촌보다는 조금 맛이 덜하네요.,3
유닭스토리 닭한마리 신촌점,보통이에여,3
건륭산시도삭면 신촌본점,별로예요,3
건륭산시도삭면 신촌본점,꿔바로우는 맛있는데 도삭면은 별로,3
이석덕생면파스타,부채살 스테이크 맛있어요 양은 작은편 파스타는 맛있어요 면 익기 정도는 조절할 수 있었으면 좋겠습니다 <-배가 매우 고픈 상태에서 음식 한두개 먹었을때 리뷰였습니다. 비주얼에 속으면 안 됩니다. 면은 설 익어서 나왔고 양은 창렬하며 쉬림프 파스타는 냄새가 심하게 나서 한 입 먹고 말았어요. 그나마 고기가 나은 편인데 이마저도 양이 작아요 네이버 영수증 인증 후 별점 5개 준 리뷰 보여주면 '아 란치니' 준다기에 양도 모자르고 배고파서 했는데 음식 맛보고 그 자리에서 리뷰 수정해버리고 싶었어요. 제 별점 보고 가실까 걱정되서 정직하게 말씀드립니다. 심지어 아란치니도 맛 없었어요 ...,1
이석덕생면파스타,가격은 착하나... -치킨무보다 못한 피클 -수시로 무릎이 부딪히는 테이블 중간 바 -쏘쏘한 생면 -특별함 없는 맛 하나같이 네이버 평점이 좋아보이는데... 네이버 영수증 리뷰 쓰면 뭐 준다고해서 좋은건 지.. 아님 뭔지ㅋㄱㅋ 카카오맵과는 전혀다른 평점에 솔직후기 드리고 갑니다,1
이석덕생면파스타,2% 부족한 인테리어. 불편한 의자와 이유 없이 무릎 부딪히게 만든 식탁. 디이소에서 사온 것 같은 플라스틱 컵. 기본적인 피클도 말 안하면 안줌. 말해서 주셨는데 치킨무만도 못한 피클이 나옴. 라구는 먹을만 했는데 딱새우로제가 내가 집에서 망친 파스타 보다 맛없음... 밖에 적혀있는 가격과 다름. 세트메뉴를 시켜야만 젤라또 1500원. 적힌 세크 가격에서 파스타 하나 선택할때마다 추가요금. 가격이 저렴하지만 그뿐... 하지만 알바생분들은 친절하셨습니다 ....,2
이석덕생면파스타,음... 그냥 맛이..... ㅠ 별루에요. ㅠㅠ 기대했는데 ㅠㅠ 좀 속상,2
이석덕생면파스타,고기는 질겨요. 한 덩이는 아예 못씹고 버렸어요. 파스타는 ... 면이 짧고 뚝뚝 끊기고 맛도 그냥 그러네요. 이렇게 산미가 강한 라구파스타는 처음입니다. 부채살 스테이크 소스는 그냥저냥한 시판 소스 맛나요. 그리고 메뉴 나오는데 30-40분 정도 걸렸어요. 손님은 저희 포함 두 테이블밖에 없었어요. 꽤 오래 기다려야 합니다. 차라리 옆에 롤링파스타 갈듯,2
이석덕생면파스타,"서비스 아란치니랑 그나마 뇨끼 정도만 괜찮았어요... 나름 리뷰 읽고 검색해서 갔는데 친구 앞에서 낯뜨거웠어요ㅠㅅㅠ 일단 홀이 전반적으로 추웠고 면은 나왔을때부터 떡져있고 음식이 따뜻한 느낌 은 아니었어요 생각한 로제맛도 아니었고 그냥 주머니사정 녹록치 않은 중고딩들 가기 좋은 가성비 양식집 느낌,,? 스테이크는 전체가 다 힘줄 느낌이라 썰리지도 않고 씹히지도 않고 솔직히 이걸 사람 먹으라고 준 고긴가 싶었지만...그냥 저렴해서 암 말 안 하고 나왔습니당... 재방문은 안할듯해요 저는 예약이지만 그냥 방문 손님들은 현장에서 리뷰 먼저 작성하면 아란치니 서비스로 나와서 별...",2
이석덕생면파스타,스테이크랑 버섯크림 파스타는 맛있었어요 새우 로제 파스타는 별로여서 다 남기고 와서 아쉬워요 ㅠㅠ,3
이석덕생면파스타,기대 이하요.,3
이석덕생면파스타,아직 먹기전이랍니다 내일은 먹은후기 써드릴께요 분위기 점수는 3점 드립니다,3
이석덕생면파스타,라구 볼로네제가 유명하길래 시켰는데 그냥 그래요.. 크림파스타 종류는 무난하고 아란치니는 이상한 비릿한 맛이 나서 한 입 먹고 남겼습니다.. 대체적으로 토마토소스가 별로인건가 싶기도 해요. 가성비는 좋지만 재방문 의사는 없습니다.,3
이석덕생면파스타,12시 52분 주문 1시 34분 나옴 시킨지 40분만에 음식이 나왔습니다 홀에 저 포함 5테이블 있었고 배달이 밀렸다는데 그럼 주문 전에 배달이 밀려서 30분 넘게 걸릴거라고 얘기라도 해줬으면 딴데가 서 먹었을텐데 홀에 사람이 별로 없어서 계속 기다렸네요 40분 기다리면 뭘 먹어도 맛있을듯 여긴 저녁에나 와야겠어요,3
이석덕생면파스타,파스타를 너무 좋아해서 왔어요~ 주말에 왔는데 대기가 좀 있네요^^ 근데 마늘향이 너무 진하고 소스가 부족해요,3
이석덕생면파스타,점심시간 50분 기다림...ㄷㄷ 맛은 있는데.. ;,3
이석덕생면파스타,좋아요,3
다성대게킹크랩,맛은 좋아요 옛날집을 개조해서 어둡고 화장실이 지저분해요,3
담산 신촌본점,리뷰보고갔는데 망했어요.완전 실망.다시가진않을거같아요.고기냄새나고.느끼했어요.국물은 원래 그런지 달고 떡볶이 국물느낌이에요.,1
담산 신촌본점,전 너무 얇아졌어요. 직원분들 여러명이라서 그런지 홀에서 너무 신나시나봐요 대기많을 때보다 정신없네요 자주 오던 집인데 이제 재방문 안할 듯 해요,2
담산 신촌본점,포장해서 먹어 봤는데.저는 좀 단맛이 느껴지는게 별로 더라구요,3
담산 신촌본점,좋아요,3
담산 신촌본점,"매콤하고 칼칼한 맛이 땡길때 생각나는 등갈비찜... 하지만 다소 산만한 내부 분위기...👌👌 메뉴 : 양푼등갈비찜 곤드레밥 (₩29,000) 1. 가격 & 서비스 기본 구성 + 밥을 주문하면 2인 기준 3만원 가 격이 나오고 포장시에는 1,000원 할인이 적용되는데, 포장할인율이 그닥 크지 않아 코로나만 아니었다면 매장에서 취식하는 편이 나았을 거라는 생각이 듭니다. 전체적으로 고기랑 밥이랑 해서 만족스 럽게 식사를 했지만, 매장에 재방문하여 식사를 하고 싶은 생각은 별로 들지 않는것 같습니다. 이 말로써 표현할수 없는 괴리감이 무엇인가에 대해서 다른 리뷰에서 해답을 찾았는데, ""가게 직원...",3
담산 신촌본점,맛있게먹고가요,3
담산 신촌본점,생각보다 그냥 그랬어요,3
담산 신촌본점,조아요,3
담산 신촌본점,존맛,3
담산 신촌본점,웨이팅 40분 기다려 들어갔구요 기대치에 못미치네용 소스맛으로 음식을 다 커버하는 거 같아요 고기 자체에서 뼈부스러기가 계속 씹히고 곤드레밥의 곤드레는 너무 질겨 입에서 계속 걷도는게 있었어 요 오히려 서비스로 나오는 배추전병과 사이드 반찬들은 맛이 좋았어요 콩나물도 계속 리필해쥬는것도 좋았구요 일단 서비스도 좋고 젊은 직원 분들도 친절하고 열정적이신데 단체로 인사하고 목소리 들이 우렁차 정신없긴해요 가격이며 맛이며 이렇게 기다릴 정도는 아닌거 같고 아주 가끔 매콤한게 당길때 가면 좋을 거 겉아요 소스는 진짜 마성인거 같아요,3
미분당 신촌2호점,자주갔는데 쌀국수에서 날파리같은게 두개나 나와서.. 처음엔 그냥 먹다가 날아들어간거겠지허고 그냥 먹었는데 다먹고 나서 마지막에 국물에 날파리 비슷한게 있더라구요.. 이제 안가려구여 ㅜ 진짜 좋아했는데 ㅜ,1
미분당 신촌2호점,"고객이 먹는 공간이 깨끗했으면 합니다. - 밥먹는 곳 위의 벽면에 먼지... 그리고 조용히 편하게 가서 밥먹던 곳이란 생각이었는데 - 자리 안내 등 응대에서 친절하지 못한 부분 - 직원 잡담, 큰 음악 소리. .",2
미분당 신촌2호점,맛은 좋은데 조용히 해야하는 불편함이.. 여긴 혼밥할때 적당한 곳인듯해요,2
미분당 신촌2호점,맛있어요,3
미분당 신촌2호점,좋아요,3
미분당 신촌2호점,조아요,3
미분당 신촌2호점,고기량이 많이 줄었네요 ㅠ.ㅠ,3
미분당 신촌2호점,맛있어요,3
미분당 신촌2호점,맛있어요,3
미분당 신촌2호점,개인적으로 1호점이 맛있어요 여긴 면이 익은거랑 안익음 중간이라고 해야되나 맛 표현이 안되는데 면 식감이 별로여서 많이 남겼어요 1호점에서 리필하면 면 식감이 이상해지는거랑 무슨 냄새가 나는데 냄새는 안나지만 리필한식감이랑 비슷했어요,3
미분당 신촌2호점,맛은 괜찮은데 국물이 좀 밍밍해요ㅠㅠ 그리고 요즘 시기에 테이블이 너무 가까워서 좀 불안합니다,3
미분당 신촌2호점,오랜만에 힘줄쌀국수 먹었는데 국물이 평소보다 짰던 느낌이 있었어요 ㅠㅠ,3
미분당 신촌2호점,좋아요,3
미분당 신촌2호점,좋아요,3
미분당 신촌2호점,좋아요,3
미분당 신촌2호점,1호점을 주로 이용하는데 공사중이라 2호점갔습니다. 근데 면이 퍼져서 젓가락질도 안되고 계속 미끄러지고 반이상 먹었을때보니 밑에 면이 뭉쳐서 떡이되어있었습니다. 한번도 남긴적이 없는데 처음으로 남기고 나왔어요. 맛은 비슷하지만 식감이 ㅡㅡ 빨리 1호점 공사 끝났으면 좋겠습니다.,3
미분당 신촌2호점,그냥 무난했어여,3
미분당 신촌2호점,괜찮아요,3
미분당 신촌2호점,맛 평범 리필은좋음 혼밥용,3
대성이네,찜닭먹고싶어서 검색해서 처음 가본 가게입니다 보통맛이 그래도 매운편이네요 국물이 많아서 비주얼과 맛은 닭도리탕입니다. 그리고 치즈를 추가해서 음식이나왔는데 치즈를 먼저먹으라고 하시더라구 요 보니까 치즈가없어서 치즈가 어디있냐고 여쭤봤더니 아무말 없이 오셔서 보고 그냥 가져가시기만 해서 당황했습니다..; 전체적으로 맛은 보통인것같고 제가 느끼기엔 아주머니께서 불친절하게 느껴 진것 같습니다,1
대성이네,음.. 맛은 쏘쏘인데 주인아주머니께서 불친절하네요 닭볶음탕 서빙하는 도중 제 물건에 흘리셨는데 죄송하다는 말 한마디도 없으시구.. 그 외 등등 불친절의 느낌을 받았습니다. 가게도 좀 정리가 안된 느낌.. 결론: 저는 재방문 의사가 단 1프로도 없습니다,1
대성이네,그냥...그래요,2
대성이네,맛은 있는데 불친절해요,3
대성이네,매장식사는 당면서비스 없어요..ㅠ 맛은 무난한듯 반찬으로주신 어묵볶음이 좀 비림...,3
키친봄날,맛이 싱거워요... 참치는.. 조금 느끼했구요.. 그냥 그렇더라구요...,2
키친봄날,느끼한 김밥이였다,2
키친봄날,맛있는데 홀대응이 조금 아쉬워요 저희동네까지는 배달이 안와서 5시맞춰서 갔는데 지인들꺼까지6줄 주문했는데 1시간 정도 걸린다고 하셨는데 중간에 한줄 주문들어오면 제꺼 만들다가 다른 배달 들어온 한줄 빼고 또주문들어오면 배달먼저주신다는말에 살짝 놀랬어요 그분들은 집에서 기다리지만 저는 먼저와서 기다리는상태고 집까지 가지고 가야하는데 약간 홀대받는 기분이였습니다 김밥이 너무맛있어서 지인들사다준다고해서 그냥갈수없어서 사다주긴했는데 기분이 좋지는 않았어요 ㅠㅠ만약 홀에가서 사시는분들 참고하세요!,2
키친봄날,너무 기대했어요ㅠㅠㅠ 제가 원한 참치김밥이 아니에요 특히 양파맛이 너무 많이 나요ㅠㅠ 그냥 일반 김밥 먹어볼 걸 그랬네요ㅠㅠ 참치김밥 먹고 싶어서 멀어도 간 건데ㅠㅠ 비쥬얼은 최곱니다ㅠ,2
키친봄날,작년에 먹을땐 맛있었는데 유부초밥이 너무 질고 별로였어요 참치김밥도 밥이 너무 적어서 느끼해요 로제떡복이는 소스 너무 맛있엇어요,3
키친봄날,쏘쏘,3
키친봄날,'봄날김밥'은 계란이 듬뿍 든 김밥이에요 먹다보니 좀 물려서 계란을 좀빼고 먹었어요ㅜ 취향에 따라 호불호는있을듯,3
키친봄날,계란이 정말 많이 들어있어서 제 입맛에는 느끼했어요 ㅠㅠ,3
소신이쏘,맛있지만 정말 너무 더워요 더운데 뜨거운 음식 먹으려니까 입맛 뚝 떨어져요 진짜 그냥 대충 먹고 나와서 시원한 곳 갔어요.. 땀 빼면서 드시고 싶으시면 가세요~!ㅜㅜ,1
소신이쏘,양은 많은데 가격은 비싸요... 양념도 맛있는 걸 모르겠어요ㅠ 고기보다 당면이나 야채가 많은 느낌 치즈 볶음밥은 당연히 맛있음 다시 가진 않을 듯 합니다,1
소신이쏘,리뷰에 좋은 점수가 많아 기대하고 갔지만 실망만 남네요. 우선 일하시는 분들이 손님에 대해 집중도가 많이 떨어집니다. 식당 분위기가 굉장히 어수선 하구요. 희안하게 주변 손님분들 대화가 엄청 크게 들려요. 갈비가 끓으면 저으라는데 테이블 모든 냄비에 손잡이가 없습니다. 고무패킹으로 잡아서 휘저어야합니다. 테이블 수도 많은건 아니고 냄비를 바꾸는데 돈이 크게 안들텐데요... 최고의 실망은 계란찜을 용기채 전자렌지로 조리해서 주는것같애요.,2
소신이쏘,음식은 맛있었으나 여직원이 매우 불친절함. 오죽하면 같이 간 친구가 화난거 아니냐고 할정도,3
소신이쏘,"맛은있으나, 음식이 식어서 버너를키면 직원이 바로와서 불을끔.. 또식어서 버너를키면 직원이 또와서 바로불을끔..방금켰다고 말해도 불 줄이라고함..그직원만그럼.. 9시쯤 화장실청소한다고 문을잠구고 안나옴.. 그거빼곤 맛은있음",3
소신이쏘,좋아용,3
소신이쏘,너무 시끄러워요.,3
소신이쏘,여자 알바 스텝분 너무 불친절해서 놀랐어요.. 맛은 쏘쏘였는데 불러도 대답없는 스텝분... 표정도 좋지않고 불러도 대답없고 무엇을 더 달라는 요청에도 잘 응하지 않으셨어요,3
소신이쏘,"추천받아서 가봤는데 너무 기대를해서 그런가 매운갈비찜 장지와 주먹밥 제입맛엔 짰어요 흑흑 비오는토욜저녁 웨이팅은 없었고 직원분들은 친절한편이신거같아요 당면추가사리 안주셔서 한참 후 누락된걸알고.쿨피스는 서비스로, 이미 배는불러오고국물은 쫄아가고ㅜㅜ서운할뻔했는데 따로와서 죄송하다고도 하시고 누구나 실수는 할 수 있지만 이런마인드는 좋아요",3
소신이쏘,좋아요,3
소신이쏘,위에 보이는고기가 다예요 밑에 양배추랑 야채가잇어서 2번째 매운맛도 별로안매워요 한3번째꺼 드시는게 좋을꺼같아요 고기는없고 주먹밥 좀짜고 계란찜도양이 많아요,3
소신이쏘,맛은 그닥 ㅜㅜ 그래도 친절하고 센스있는 직원들!,3
소신이쏘,맛있고 다시 방문하고싶어요!,3
소신이쏘,딱 신촌스러운 맛! 가격은 저렴해요,3
구씨네부엌,알리오올리오가 너무 먹고싶어서 주문했는데 마늘의 풍미나 오일소스의 맛이 너무 안느껴지고 쪄서나온 파스타 맛 같았어요... 알리오올리오맛이 아니에요ㅜㅜ 가격도 파스타중에 젤 비쌌는데 별로였고 크림리조또는 맛이 괜찮았습니다~~ 파스타.리조또 양이좀 적었어요ㅠ 둘이서 두개는 배도안차서 ....아참 피클이 좀 시기만 하고 깊은맛.단맛이 좀 안나더라고요.. 너무 작게 잘려져있어서 불편했어요~ 사장님이 친절은 하신데 맛이 좀 아쉬웠습니다.,2
구씨네부엌,좌석간 너무 가깝고 음식 너무 느끼하기만 해요..,2
구씨네부엌,그저그래요,3
구씨네부엌,맛있어요,3
